RBP,PMID,Virus
BOLL,36598610,Anthonomus grandis iflavirus 1
BOLL,1522049,Autographa californica baculovirus
BOLL,1522049,Autographa californica multiple nuclear polyhedrosis virus
BOLL,17347770,CIV virion protein extract
BOLL,35665839,Cauliflower Mosaic Virus 35S
BOLL,11402862,Chilo iridescent virus
BOLL,11765918,Chilo iridescent virus
BOLL,17347770,Chilo iridescent virus
BOLL,21994449,Chilo iridescent virus
BOLL,22828780,Chilo iridescent virus
BOLL,34659302,Cotton Leafroll Dwarf Virus
BOLL,24634169,Cotton leaf curl virus disease
BOLL,24006816,Gemini virus
BOLL,11765918,Iridovirus
BOLL,17347770,Iridovirus
BOLL,22828780,Iridovirus
BOLL,11765918,Ranavirus
BOLL,1430055,Tomato spotted wilt virus
BOLL,18248369,baculovirus
BOLL,11402862,boll weevil
BOLL,17347770,boll weevil
BOLL,21994449,boll weevil
BOLL,22828780,boll weevil
BOLL,26728504,cauliflower mosaic virus
BOLL,26779246,cauliflower mosaic virus
BOLL,30117653,cauliflower mosaic virus
BOLL,35336652,cauliflower mosaic virus
BOLL,15473310,commelina yellow mottle virus
BOLL,1522049,cotton boll weevil
BOLL,11402862,cotton boll weevil
BOLL,11765918,cotton boll weevil
BOLL,17347770,cotton boll weevil
BOLL,18248369,cotton boll weevil
BOLL,21994449,cotton boll weevil
BOLL,35665839,cotton boll weevil
BOLL,36598610,cotton boll weevil
BOLL,22002133,cotton leaf  curl virus
BOLL,22002133,cotton leaf curl virus
BOLL,24634169,cotton leaf curl virus
BOLL,34659302,cotton leafroll dwarf virus
BOLL,11765918,frog virus 3
BOLL,36598610,iflavirus
BOLL,36598610,iflaviruses
BOLL,22002133,leaf curl virus
BOLL,5092854,nuclear polyhedrosis virus
BOLL,1430055,tomato spotted wilt virus
CELF1,28915562,Epstein-Barr virus
CELF1,32086392,adeno-associated virus
CELF1,32086392,rAAV
CNOT4,29593045,Adenoviruses
CNOT4,28536288,IAV
CNOT4,28536288,Influenza A Virus
CNOT4,28536288,Influenza A virus
CNOT4,28536288,Influenza virus
CNOT4,29593045,adenovirus
CNOT4,29593045,adenoviruses
CNOT4,28536288,influenza A virus
CNOT4,28536288,influenza virus
CPEB1,27775709,HCMV
CPEB1,27775709,HCMV) infection
CPEB1,19161537,HPV
CPEB1,20144904,HPV
CPEB1,20144904,HPV-16
CPEB1,27775709,HSV-2
CPEB1,41909681,adeno-associated virus
CPEB1,42334613,adeno-associated virus
CPEB1,26627607,hepatitis C virus
CPEB1,27775709,herpes simplex virus-2
CPEB1,27775709,human cytomegalovirus
CPEB1,19161537,human papillomavirus
CPEB1,20144904,human papillomavirus type 16
CPEB2,41219382,adeno-associated virus
CPEB4,24927871,adenovirus
CPEB4,26627607,hepatitis C virus
DAZAP1,41077352,HPV11
DAZAP1,41077352,HPV6
DAZAP1,32422351,ZIKV
DDX3X,41739885,African swine fever virus
DDX3X,41066426,Avian leukosis virus subgroup J
DDX3X,41617468,Coronavirus
DDX3X,25437271,DENV
DDX3X,31936642,DENV
DDX3X,38095733,DENV
DDX3X,21911577,DENV
DDX3X,25437271,DENV infection
DDX3X,32435411,DENV infection
DDX3X,29387631,Dengue Virus
DDX3X,32435411,Dengue Virus
DDX3X,25437271,Dengue virus
DDX3X,29387631,Dengue virus
DDX3X,21911577,Dengue virus
DDX3X,28516729,Duck Tembusu virus
DDX3X,39772141,Duck Tembusu virus
DDX3X,25466511,EBV
DDX3X,31123138,EBV
DDX3X,36845680,EBV
DDX3X,40220963,EBV
DDX3X,40913762,EBV
DDX3X,41060581,EBV
DDX3X,29971060,Enterovirus 71
DDX3X,25466511,Epstein-Barr virus
DDX3X,31123138,Epstein-Barr virus
DDX3X,35882439,Epstein-Barr virus
DDX3X,36201743,Epstein-Barr virus
DDX3X,36845680,Epstein-Barr virus
DDX3X,40220963,Epstein-Barr virus
DDX3X,40913762,Epstein-Barr virus
DDX3X,41060581,Epstein-Barr virus
DDX3X,41306545,Epstein-Barr virus
DDX3X,33401776,Flavivirus
DDX3X,23659451,HBV
DDX3X,23659451,HBV infection
DDX3X,32446036,HCV
DDX3X,20862261,HCV
DDX3X,23708292,HCV
DDX3X,25740981,HCV infection
DDX3X,20862261,HCV infection
DDX3X,23708292,HCV infection
DDX3X,20862261,HCV viruses
DDX3X,30910425,HIV
DDX3X,32446036,HIV
DDX3X,36695358,HIV
DDX3X,41617468,HIV
DDX3X,20300618,HIV
DDX3X,22174317,HIV
DDX3X,30910425,HIV-1
DDX3X,31575075,HIV-1
DDX3X,31690062,HIV-1
DDX3X,32446036,HIV-1
DDX3X,40429887,HIV-1
DDX3X,40874589,HIV-1
DDX3X,20300618,HIV-1
DDX3X,22174317,HIV-1
DDX3X,25056374,HPV
DDX3X,30563911,HPV
DDX3X,33830464,HPV
DDX3X,28148788,HSV-1
DDX3X,20862261,Hepatitis C virus
DDX3X,23708292,Hepatitis C virus
DDX3X,32446036,Hepatitis c virus
DDX3X,28148788,Herpes Simplex Virus 1
DDX3X,27381385,Human Coronavirus OC43
DDX3X,32446036,Human Immunodeficiency virus
DDX3X,33830464,Human Papillomavirus
DDX3X,27381385,Human coronaviruses
DDX3X,30563911,Human papillomavirus
DDX3X,33766561,IAV
DDX3X,33766561,Influenza A virus
DDX3X,33401776,JEV
DDX3X,33401776,Japanese encephalitis virus
DDX3X,36744958,Japanese encephalitis virus
DDX3X,40231822,Japanese encephalitis virus
DDX3X,29261807,LCMV
DDX3X,29146961,Leporipoxvirus
DDX3X,29146961,Myxoma virus
DDX3X,31057547,NDV
DDX3X,31057547,Newcastle disease virus
DDX3X,36744958,Newcastle disease virus
DDX3X,24380861,PRRSV) infection
DDX3X,37214906,Pseudorabies virus
DDX3X,31936642,RSV
DDX3X,41323147,Rotavirus
DDX3X,35647024,SARS-COV-2
DDX3X,33781803,SARS-CoV-2
DDX3X,35647024,SARS-CoV-2
DDX3X,36090095,SARS-CoV-2
DDX3X,36557962,SARS-CoV-2
DDX3X,36744958,SARS-CoV-2
DDX3X,36842152,SARS-CoV-2
DDX3X,36982856,SARS-CoV-2
DDX3X,41596323,SARS-CoV-2
DDX3X,41617468,SARS-CoV-2
DDX3X,33781803,SARS-CoV-2 infection
DDX3X,42051290,Sendai virus
DDX3X,24380861,Sendai virus
DDX3X,28964860,Singapore grouper iridovirus
DDX3X,31899305,Tembusu virus
DDX3X,41957805,Tembusu virus
DDX3X,37214906,VZV
DDX3X,37214906,Varicella zoster virus
DDX3X,31936642,WNV
DDX3X,30721061,WNV) infection
DDX3X,31936642,West Nile virus
DDX3X,36744958,West Nile virus
DDX3X,31936642,ZIKV
DDX3X,33401776,ZIKV
DDX3X,32787106,Zika
DDX3X,29899501,Zika virus
DDX3X,31936642,Zika virus
DDX3X,33401776,Zika virus
DDX3X,29899501,Zika viruses
DDX3X,35460172,adeno-associated virus
DDX3X,31057547,avian influenza virus
DDX3X,32787106,chikungunya
DDX3X,41617468,coronavirus
DDX3X,29387631,dengue
DDX3X,29899501,dengue
DDX3X,32787106,dengue
DDX3X,29387631,dengue virus
DDX3X,31936642,dengue virus
DDX3X,38095733,dengue virus
DDX3X,21911577,dengue virus
DDX3X,29387631,dengue virus capsid-interacting protein
DDX3X,36744958,duck Tembusu virus
DDX3X,29971060,enterovirus 71
DDX3X,36744958,fish rhabdovirus
DDX3X,28964860,grouper nervous necrosis virus infection
DDX3X,31575075,hPIV-3
DDX3X,31936642,hPIV-3
DDX3X,36744958,hepatitis B virus
DDX3X,23659451,hepatitis B virus
DDX3X,25424537,hepatitis C virus
DDX3X,36744958,hepatitis C virus
DDX3X,20862261,hepatitis C virus
DDX3X,25424537,hepatitis C virus (HCV)
DDX3X,36725983,herpes simplex
DDX3X,36744958,herpes simplex virus
DDX3X,28148788,herpes simplex virus 1
DDX3X,36725983,herpes simplex virus 1
DDX3X,31575075,human immunodeficiency virus type 1
DDX3X,25056374,human papilloma virus
DDX3X,31936642,human parainfluenza virus type 3
DDX3X,31575075,human parainfluenza virus-3
DDX3X,34445801,influenza A virus
DDX3X,36744958,influenza A virus
DDX3X,34445801,influenza A virus non-structural protein 1
DDX3X,33766561,influenza virus
DDX3X,29261807,lymphocytic choriomeningitis virus
DDX3X,36744958,murine norovirus
DDX3X,33061243,porcine reproductive and respiratory syndrome virus
DDX3X,24380861,porcine reproductive and respiratory syndrome virus (
DDX3X,28964860,red-spotted grouper nervous necrosis virus
DDX3X,36744958,red-spotted grouper nervous necrosis virus
DDX3X,31936642,respiratory syncytial virus
DDX3X,36744958,rhabdovirus
DDX3X,36744958,rhabdoviruses
DDX3X,36744958,severe acute respiratory syndrome coronavirus 2
DDX3X,36842152,severe acute respiratory syndrome coronavirus 2
DDX3X,36557962,severe acute respiratory syndrome coronavirus type 2
DDX3X,36744958,snakehead vesiculovirus
EEF1A,11714969,BVDV
EEF1A,19131084,Brome mosaic virus
EEF1A,39224853,CMV
EEF1A,34405507,Chinese wheat mosaic virus
EEF1A,26266418,Classical Swine Fever Virus
EEF1A,42171504,Coronavirus
EEF1A,39224853,Cucumber mosaic virus
EEF1A,23939980,DENV-2
EEF1A,24929670,Epstein-Barr virus
EEF1A,28340620,Epstein-Barr virus
EEF1A,28726207,Epstein-Barr virus
EEF1A,16927014,HCV
EEF1A,26624286,HIV
EEF1A,22476100,HIV-1
EEF1A,22628567,HIV-1
EEF1A,24556695,HIV-1
EEF1A,26242867,HIV-1
EEF1A,26624286,HIV-1
EEF1A,29588400,HIV-1
EEF1A,30782564,HIV-1
EEF1A,30918071,HIV-1
EEF1A,21697493,HPV38
EEF1A,41277830,HRSV
EEF1A,16927014,Hepatitis C virus
EEF1A,27356973,Human immunodeficiency virus 1
EEF1A,41277830,Human respiratory syncytial virus
EEF1A,17307145,L-A virus
EEF1A,31216040,Lausannevirus
EEF1A,31216040,Marseillevirus
EEF1A,40675496,Monkeypox virus
EEF1A,31216040,Moumouvirus
EEF1A,23605590,Oryzavirus
EEF1A,17209036,PSIV
EEF1A,17209036,Plautia stali intestine virus
EEF1A,26020533,Potato virus X
EEF1A,25244327,Potato viruses Y
EEF1A,27356973,Potyviral
EEF1A,31591191,RNA viruses
EEF1A,23605590,RRSV
EEF1A,27570315,RRSV
EEF1A,27570315,RRSV infection
EEF1A,25479059,RSV
EEF1A,30477508,RSV
EEF1A,41277830,RSV
EEF1A,41277830,Respiratory syncytial virus
EEF1A,27570315,Rice Ragged Stunt Virus
EEF1A,23331990,Rice black streaked dwarf virus
EEF1A,33495306,SARS-CoV-2
EEF1A,33501437,SARS-CoV-2
EEF1A,33558296,SARS-CoV-2
EEF1A,34813168,SARS-CoV-2
EEF1A,35231500,SARS-CoV-2
EEF1A,39920115,SARS-CoV-2
EEF1A,41277830,SARS-CoV-2
EEF1A,42171504,SARS-CoV-2
EEF1A,34075384,SARS-Cov-2
EEF1A,33495306,Severe acute respiratory syndrome coronavirus 2
EEF1A,34813168,Severe acute respiratory syndrome coronavirus 2
EEF1A,23331990,Southern rice black streaked dwarf virus
EEF1A,39224853,Soybean mosaic virus
EEF1A,16386773,Tobacco mosaic virus
EEF1A,23490052,Tobacco mosaic virus
EEF1A,25244327,Tobacco mosaic virus
EEF1A,16386773,Tobacco mosaic virus RNA-dependent RNA polymerase
EEF1A,23490052,Tobacco mosaic virus infection
EEF1A,34834996,Tomato Spotted Wilt Virus Disease
EEF1A,19131084,Tomato bushy stunt virus
EEF1A,21079685,Tomato bushy stunt virus
EEF1A,32641477,Tomato bushy stunt virus
EEF1A,34834996,Tomato spotted wilt orthotospovirus
EEF1A,25151062,Tomato spotted wilt virus
EEF1A,39224853,Turnip crinkle virus
EEF1A,18501944,Turnip mosaic virus
EEF1A,18501944,Turnip mosaic virus RNA-dependent RNA polymerase
EEF1A,15033563,Turnip yellow mosaic virus
EEF1A,15033564,Turnip yellow mosaic virus
EEF1A,17626087,WNV
EEF1A,23637406,WNV
EEF1A,17626087,West Nile virus
EEF1A,23637406,West Nile virus
EEF1A,31539873,adeno-associated virus
EEF1A,23939980,bovine viral diarrhea virus
EEF1A,11714969,bovine viral diarrhoea virus
EEF1A,26266418,classical swine fever virus
EEF1A,35231500,coronavirus
EEF1A,42171504,coronavirus
EEF1A,14673072,cricket paralysis virus
EEF1A,17901157,cricket paralysis virus
EEF1A,11991996,crucifer-infecting tobamovirus
EEF1A,42166528,cucumber mosaic virus
EEF1A,17626087,dengue virus
EEF1A,23939980,dengue virus type-2
EEF1A,11714969,hepacivirus
EEF1A,16927014,hepatitis C virus
EEF1A,21697493,human papillomavirus type 38
EEF1A,41277830,human respiratory syncytial virus
EEF1A,21595909,human virus
EEF1A,25907596,measles virus
EEF1A,24314635,nodavirus
EEF1A,11714969,pestivirus
EEF1A,42166528,plum pox virus
EEF1A,20012112,potato virus X
EEF1A,27356973,potyviral
EEF1A,42166528,potyvirus
EEF1A,23605590,reoviruses
EEF1A,25479059,respiratory syncytial virus
EEF1A,30477508,respiratory syncytial virus
EEF1A,23605590,rice black-streaked dwarf virus
EEF1A,23605590,rice ragged stunt virus
EEF1A,27570315,rice ragged stunt virus
EEF1A,33501437,severe acute respiratory syndrome coronavirus 2
EEF1A,33558296,severe acute respiratory syndrome coronavirus 2
EEF1A,23605590,southern rice black-streaked dwarf virus
EEF1A,27356973,soybean mosaic virus
EEF1A,11991996,tobacco mosaic virus
EEF1A,20012112,tobacco mosaic virus
EEF1A,23478975,tobacco mosaic virus
EEF1A,20012112,tobacco mosaic virus infection
EEF1A,25473045,tomato bushy stunt virus
EEF1A,31591191,tomato bushy stunt virus
EEF1A,16912296,tomato mosaic virus
EEF1A,21079685,tombusvirus
EEF1A,24314635,tombusvirus
EEF1A,25473045,tombusvirus
EEF1A,9873000,turnip yellow mosaic virus
EEF1A,10954536,turnip yellow mosaic virus
EEF1A,40675496,variola virus
EIF4A1,26989863,Bluetongue virus
EIF4A1,42149692,Dengue virus
EIF4A1,36824731,EBV
EIF4A1,36824731,Epstein-Barr virus
EIF4A1,42306525,Goatpox virus
EIF4A1,16820872,HBV
EIF4A1,23747307,HCMV
EIF4A1,16820872,HCV
EIF4A1,39339982,HIV-1
EIF4A1,20133758,Human cytomegalovirus
EIF4A1,42149692,Influenza A virus
EIF4A1,38377149,Newcastle disease virus
EIF4A1,33398248,SARS-COV-2
EIF4A1,39117283,SARS-CoV
EIF4A1,33398248,SARS-CoV-2
EIF4A1,34859078,SARS-CoV-2
EIF4A1,39117283,SARS-CoV-2
EIF4A1,42149692,SARS-CoV-2
EIF4A1,42149692,Severe Acute Respiratory Syndrome Coronavirus 2
EIF4A1,42149692,Zika virus
EIF4A1,33398248,beta coronavirus
EIF4A1,26989863,bluetongue virus
EIF4A1,42306525,capripoxvirus
EIF4A1,20156963,encephalomyocarditis virus
EIF4A1,20156963,hepatitis C virus
EIF4A1,20133758,human cytomegalovirus
EIF4A1,23747307,human cytomegalovirus
EIF4A1,20133758,human cytomegalovirus-infected
EIF4A1,33398248,severe acute respiratory disease coronavirus type 2
EIF4A1,39117283,severe acute respiratory syndrome coronavirus 2
EIF4G2,39261317,AAV8
EIF4G2,41754572,African swine fever virus
EIF4G2,31455634,Coxsackievirus B3
EIF4G2,28822827,HBV
EIF4G2,29111540,HBV
EIF4G2,28822827,Hepatitis B virus
EIF4G2,39920115,SARS-CoV-2
EIF4G2,30578658,ZIKV
EIF4G2,30578658,Zika virus
EIF4G2,33303185,adeno-associated virus 5
EIF4G2,10082510,adenovirus
EIF4G2,28822827,hepatitis B virus
EIF4G2,29111540,hepatitis B virus
EIF4G2,10082510,poliovirus
EIF4G2,38183802,rhinovirus
EIF5A,41395975,African swine fever virus
EIF5A,27223893,Avian Influenza Virus H7N9
EIF5A,15047810,B-lymphotropic herpesvirus
EIF5A,35664011,Bracovirus
EIF5A,37071661,Coxsackievirus B3
EIF5A,35891396,DENV
EIF5A,20819232,Den-2 virus infection
EIF5A,20819232,Dengue virus
EIF5A,27460797,EBOV
EIF5A,30045993,EBOV
EIF5A,15047810,EBV
EIF5A,30045993,Ebola Virus
EIF5A,30045993,Ebola virus
EIF5A,27460797,Ebolavirus
EIF5A,15047810,Epstein-Barr virus
EIF5A,37253564,Giardia canis virus
EIF5A,27223893,H1N1 influenza A virus
EIF5A,30001579,H1N1 influenza A virus
EIF5A,30001579,H1N1pdm09influenza virus
EIF5A,27223893,H7N9 influenza virus
EIF5A,17588333,HBV
EIF5A,9405152,HIV
EIF5A,24616161,HIV
EIF5A,26725082,HIV
EIF5A,10339570,HIV type 1
EIF5A,7759117,HIV-1
EIF5A,7971969,HIV-1
EIF5A,8057425,HIV-1
EIF5A,8253832,HIV-1
EIF5A,8596953,HIV-1
EIF5A,8660923,HIV-1
EIF5A,8894678,HIV-1
EIF5A,9285097,HIV-1
EIF5A,9405152,HIV-1
EIF5A,9465063,HIV-1
EIF5A,9714299,HIV-1
EIF5A,10339570,HIV-1
EIF5A,10381392,HIV-1
EIF5A,11238447,HIV-1
EIF5A,12490407,HIV-1
EIF5A,15630446,HIV-1
EIF5A,16941339,HIV-1
EIF5A,19825182,HIV-1
EIF5A,21360055,HIV-1
EIF5A,24086341,HIV-1
EIF5A,24616161,HIV-1
EIF5A,25874870,HIV-1
EIF5A,26725082,HIV-1
EIF5A,27191165,HIV-1
EIF5A,27633452,HIV-1
EIF5A,28785172,HIV-1
EIF5A,7971969,HIV-1-infected
EIF5A,28785172,HIV-1-infected
EIF5A,35498732,HP-PRRSV
EIF5A,27633452,HTLV-1
EIF5A,30215750,HTLV-1
EIF5A,35977517,Herpesvirus
EIF5A,30215750,Human T-cell leukemia virus type 1
EIF5A,8057425,Human immunodeficiency virus type 1
EIF5A,27223893,Influenza A Virus H1N1
EIF5A,35486659,KSHV
EIF5A,35977517,KSHV
EIF5A,35486659,Kaposi's sarcoma-associated Herpesvirus
EIF5A,35977517,Kaposi's sarcoma-associated herpesvirus
EIF5A,38339043,L-A virus
EIF5A,8894678,MLV
EIF5A,11238447,Mason-Pfizer monkey virus
EIF5A,35664011,Microplitis bicoloratus bracovirus
EIF5A,35498732,PRRSV
EIF5A,35498732,PRRSV infection
EIF5A,35498732,PRRSV infections
EIF5A,35151773,Porcine epidemic diarrhea virus
EIF5A,35498732,Porcine reproductive and respiratory syndrome virus
EIF5A,33317695,RSV
EIF5A,36753415,SARS-CoV-2
EIF5A,27019403,Soybean mosaic virus
EIF5A,27019403,Soybean mosaic virus infection
EIF5A,19344779,VHSV
EIF5A,30578658,ZIKV
EIF5A,35891396,ZIKV
EIF5A,35891396,ZIKV infection
EIF5A,35891396,Zika
EIF5A,30578658,Zika virus
EIF5A,35891396,Zika virus
EIF5A,20232312,adenovirus
EIF5A,35151773,alpha-coronavirus
EIF5A,10620048,baculovirus
EIF5A,14682621,cauliflower mosaic virus
EIF5A,15951486,cauliflower mosaic virus
EIF5A,35967877,chikungunya virus
EIF5A,36753415,coronavirus
EIF5A,36753415,coronaviruses
EIF5A,20819232,dengue 2 virus
EIF5A,35891396,dengue infections
EIF5A,23536806,dengue virus
EIF5A,35891396,dengue virus
EIF5A,12490407,feline immunodeficiency virus
EIF5A,17588333,hepatitis B virus
EIF5A,9285100,human T cell leukemia virus type 1
EIF5A,10339570,human T cell leukemia virus type I Rex
EIF5A,30215750,human T-cell leukemia virus type 1
EIF5A,7707541,human T-cell leukemia virus type I
EIF5A,27633452,human T-cell lymphotropic virus type 1
EIF5A,7707541,human immunodeficiency virus
EIF5A,9285097,human immunodeficiency virus
EIF5A,7707541,human immunodeficiency virus type 1
EIF5A,7759117,human immunodeficiency virus type 1
EIF5A,7971969,human immunodeficiency virus type 1
EIF5A,8057425,human immunodeficiency virus type 1
EIF5A,8253832,human immunodeficiency virus type 1
EIF5A,8660923,human immunodeficiency virus type 1
EIF5A,8894678,human immunodeficiency virus type 1
EIF5A,9285100,human immunodeficiency virus type 1
EIF5A,9405152,human immunodeficiency virus type 1
EIF5A,9714299,human immunodeficiency virus type 1
EIF5A,10381392,human immunodeficiency virus type 1
EIF5A,11238447,human immunodeficiency virus type 1
EIF5A,12490407,human immunodeficiency virus type 1
EIF5A,16941339,human immunodeficiency virus type 1
EIF5A,27633452,human immunodeficiency virus type 1
EIF5A,8596953,human immunodeficiency virus type-1
EIF5A,7848270,human immunodeficiency virus-1
EIF5A,35967877,influenza A virus
EIF5A,30001579,influenza H7N9 virus
EIF5A,35967877,mayaro virus
EIF5A,27633452,mouse mammary tumor virus
EIF5A,8894678,murine leukemia virus
EIF5A,37270925,orf virus
EIF5A,27633452,poliovirus
EIF5A,35967877,punta toro virus
EIF5A,9714299,retroviral
EIF5A,11238447,retroviral
EIF5A,15630446,retroviral
EIF5A,36753415,severe acute respiratory syndrome coronavirus 2
EIF5A,40937438,tick-borne Encephalitis virus
EIF5A,20819232,type 2 dengue (Den-2) virus
EIF5A,35967877,una virus
EIF5A,35967877,vesicular stomatitis virus
EIF5A,19344779,viral hemorrhagic septicemia virus
EIF5A,35967877,zika virus
ELAVL1,36874215,AAV
ELAVL1,29454929,AAV9
ELAVL1,39348382,Crimean-Congo Hemorrhagic Fever virus
ELAVL1,34786609,H5N1 virus
ELAVL1,35887229,HBV
ELAVL1,38315437,HBV
ELAVL1,41430687,HBV
ELAVL1,42059628,HBV
ELAVL1,36512502,HCV
ELAVL1,36512502,HCV-associated diseases
ELAVL1,36512502,HCVs
ELAVL1,34786609,HPAI virus
ELAVL1,41348149,HTLV-1
ELAVL1,39348382,Hazara virus
ELAVL1,38306394,Hepatitis B virus
ELAVL1,41430687,Hepatitis B virus
ELAVL1,40020812,JEV
ELAVL1,40020812,Japanese encephalitis virus
ELAVL1,35887229,Lentivirus
ELAVL1,41829051,Marek's Disease Virus
ELAVL1,41829051,Marek's disease virus
ELAVL1,35011584,SARS-CoV-2
ELAVL1,35938548,SARS-CoV-2
ELAVL1,39707025,Sendai virus
ELAVL1,35154063,Senecavirus A
ELAVL1,35154063,Senecavirus A.
ELAVL1,40512618,Sindbis virus
ELAVL1,40512618,beta-coronaviruses
ELAVL1,40512618,encephalomyocarditis virus
ELAVL1,35887229,hepatitis B virus
ELAVL1,38315437,hepatitis B virus
ELAVL1,41430687,hepatitis B virus
ELAVL1,42059628,hepatitis B virus
ELAVL1,36512502,hepatitis C virus
ELAVL1,39707025,herpes simplex virus 1
ELAVL1,41348149,human T-cell lymphotropic virus type 1
ELAVL4,42113877,Epstein-Barr Virus
ELAVL4,42113877,Epstein-Barr virus
ELAVL4,30662346,NDV
ELAVL4,30662346,NDV F48E9
ELAVL4,30662346,NDV La Sota
ELAVL4,30662346,Newcastle Disease Virus
ELAVL4,30662346,Newcastle disease virus
ELAVL4,38632655,adeno-associated virus
ESRP1,25450802,HPV infection
ESRP1,25450802,HPV16
ESRP1,25450802,HPV16 E5
ESRP1,40161767,Merkel cell polyomavirus
ESRP1,40407323,Merkel cell polyomavirus
ESRP1,25450802,human papillomavirus type 16
ESRP1,40407323,polyomavirus
ESRP2,26639241,HBV
ESRP2,25450802,HPV infection
ESRP2,25450802,HPV16
ESRP2,25450802,HPV16 E5
ESRP2,26639241,hepatitis B virus
ESRP2,25450802,human papillomavirus type 16
EWSR1,31363027,EBV
EWSR1,35921433,EBV
EWSR1,31363027,Epstein-Barr virus
EWSR1,32366754,Epstein-Barr virus
EWSR1,35921433,Epstein-Barr virus
EWSR1,23552423,HCV
EWSR1,29076874,HPV
EWSR1,31363027,KSHV
EWSR1,31363027,Kaposi's sarcoma-associated herpesvirus
EWSR1,31363027,MHV68
EWSR1,35921433,MHV68
EWSR1,31363027,Murine gammaherpesvirus 68
EWSR1,36129618,SARS-CoV-2
EWSR1,38074973,SARS-CoV-2
EWSR1,38074973,Severe acute respiratory syndrome coronavirus 2
EWSR1,31494268,Zika
EWSR1,31494268,Zika virus
EWSR1,36529289,adeno-associated viruses
EWSR1,23552423,hepatitis C virus
EWSR1,29076874,human papillomavirus
EWSR1,32366754,human papillomavirus
EWSR1,35921433,murine gammaherpesvirus 68
FMR1,35373916,AAV
FMR1,35881147,AAV
FMR1,36320413,AAV
FMR1,30286182,Avian leukosis virus subgroup J
FMR1,40919711,Cryphonectria hypovirus 1
FMR1,24816393,EBV
FMR1,34880790,EBV
FMR1,28468889,EEEV
FMR1,28468889,Eastern equine encephalitis virus
FMR1,34880790,Epstein- Barr virus
FMR1,7513295,Epstein-Barr virus
FMR1,15068386,Epstein-Barr virus
FMR1,20736975,Epstein-Barr virus
FMR1,30857592,HIV
FMR1,8895584,HIV-1
FMR1,12659659,HSV
FMR1,35664076,SARS-CoV-2
FMR1,36394332,SARS-CoV-2
FMR1,38177924,SARS-CoV-2
FMR1,38587486,SARS-CoV-2
FMR1,42167235,Semliki Forest virus
FMR1,28468889,Sindbis viruses
FMR1,28468889,VEEV
FMR1,28468889,Venezuelan equine encephalitis virus
FMR1,35881147,adeno-associated virus
FMR1,36320413,adeno-associated virus
FMR1,28468889,alphavirus
FMR1,30286182,avian leukosis virus
FMR1,38587486,beta-Coronaviruses
FMR1,28468889,chikungunya
FMR1,8895584,human immunodeficiency virus type 1
FMR1,31409605,lymphocytic choriomeningitis virus
FMR1,36394332,severe acute respiratory syndrome coronavirus 2
FMR1,18936162,simian virus 40
FMR1,12160728,simian virus-40
FMR1,7607214,vaccinia virus
FMR1,19571888,virus
FMR1,30857592,virus
FUBP1,29743362,Adenovirus 5 E1A
FUBP1,29743362,adenovirus
FUBP1,25212137,enterovirus 71
FUBP1,42000079,hepatitis B virus
FUBP1,30312632,hepatitis C virus
FUBP1,29743362,human adenovirus 5
FUBP3,40248217,HIV
FUBP3,40248217,HIV-1
FUBP3,34794468,JEV
FUBP3,34794468,JEV infection
FUBP3,35695513,Porcine epidemic diarrhea virus
FUBP3,40514371,SARS-CoV-2
FUBP3,35695513,alphacoronavirus
FUBP3,25212137,enterovirus 71
FUBP3,36861818,porcine epidemic diarrhea virus
FUBP3,40514371,severe acute respiratory syndrome coronavirus 2
FUS,32194850,AAV
FUS,34039624,AAV
FUS,38931834,AAV
FUS,40665471,AAV
FUS,41397344,AAV
FUS,18971280,AAV
FUS,23460893,AAV
FUS,26969468,AAV
FUS,35393905,AAV-2
FUS,32194850,AAV-PHP.eB
FUS,35393905,AAV.SIRT3
FUS,33479314,AAV1&2
FUS,32194850,AAV2/8
FUS,33479314,AAV6
FUS,32194850,AAV9
FUS,33479314,AAV9
FUS,36793858,AAV9
FUS,32194850,AAVs
FUS,33427233,AAVs
FUS,33479314,AAVs
FUS,36152518,AAVs
FUS,36179767,AAVs
FUS,38931834,AAVs
FUS,24887432,Abalone Shriveling syndrome-associated Virus
FUS,39585211,Adeno-Associated Virus
FUS,41676685,Adeno-Associated Virus
FUS,38931834,Adeno-associated virus
FUS,18971280,Adeno-associated virus
FUS,31541092,Adeno-associated virus 9
FUS,30305211,Adenoviral
FUS,41095094,Areca Palm Velarivirus 1
FUS,41095094,Areca palm velarivirus 1
FUS,9371619,B entomopoxvirus
FUS,29417468,BVDV
FUS,40131886,CHIKV
FUS,38700591,CMV
FUS,38983570,CMV
FUS,39775864,CMV
FUS,36898623,Cricket paralysis virus (
FUS,33392231,Cytomegalovirus
FUS,38983570,Cytomegalovirus
FUS,39775864,Cytomegalovirus
FUS,29377783,Cytomegalovirus
FUS,40131886,DENV
FUS,29458410,EBV
FUS,16820184,Ebola virus
FUS,21536242,Epstein-Barr virus
FUS,23759878,Epstein-Barr virus
FUS,29458410,Epstein-Barr virus
FUS,24519667,Gibbon ape leukemia virus
FUS,21500543,Gibbon ape leukemia virus membrane fusion glycoprotein
FUS,32649673,HCV
FUS,32649673,"HCV la, lb, 2a, 3a, 3b, 6a, 6e and 6n"
FUS,32649673,HCV-1b
FUS,32649673,"HCV-1b, 2a and 6a"
FUS,42231329,HIV
FUS,9108384,HIV
FUS,23759878,HIV
FUS,31238957,HIV
FUS,31551335,HIV
FUS,31695598,HIV-1
FUS,35502456,HIV-1
FUS,8849451,HIV-1
FUS,9108384,HIV-1
FUS,31551335,HIV-1
FUS,9108384,HIV-1 infection
FUS,31551335,HIV-1 infection
FUS,9108384,HIV-2
FUS,34937489,HPV
FUS,35313793,HPV
FUS,36191925,HPV
FUS,29434138,HPV
FUS,31039132,HPV
FUS,31039132,HPV infection
FUS,20042637,HPV18
FUS,34937489,HR-HPV
FUS,33287823,HSV
FUS,33730317,HSV
FUS,16716832,HSV
FUS,24687598,HSV
FUS,35285294,HSV-1
FUS,19531373,HSV-1
FUS,24687598,HSV-1
FUS,33287823,HSV-2
FUS,21500543,HSV-CMVP
FUS,24687598,HSV-CMVP
FUS,21500543,HSV-I
FUS,24519667,HSV-I
FUS,21500543,HSV-I virus
FUS,24510538,HSV-I virus
FUS,21500543,HSV-UL38P
FUS,10982695,HSV-tk
FUS,35285294,HSV1
FUS,25815715,HSV1
FUS,32649673,Hepatitis C virus
FUS,10982695,Herpes simplex virus thymidine kinase
FUS,33730317,Herpes virus
FUS,29434138,Human Papilloma Virus
FUS,9108384,Human immunodeficiency virus
FUS,31039132,Human papillomavirus
FUS,38821146,JEV
FUS,38821146,Japanese encephalitis virus
FUS,29986386,KSHV
FUS,29986386,Kaposi's Sarcoma-Associated Herpesvirus
FUS,29986386,Kaposi's sarcoma-associated herpesvirus
FUS,16820184,Marburg virus
FUS,31695598,RABV
FUS,27274726,RSV
FUS,27274726,RSV infection
FUS,27274726,Respiratory Syncytial Virus
FUS,27274726,Respiratory syncytial virus
FUS,28126462,Rift Valley fever virus
FUS,42375937,Ross River virus
FUS,33392231,Rubella Virus
FUS,38983570,Rubella Virus
FUS,39775864,Rubella Virus
FUS,30771336,Rubella Virus
FUS,38983570,Rubella virus
FUS,39775864,Rubella virus
FUS,32577653,SARS-CoV-2
FUS,33200826,SARS-CoV-2
FUS,33477032,SARS-CoV-2
FUS,35384603,SARS-CoV-2
FUS,2925786,Semliki Forest virus
FUS,3816755,Semliki Forest virus
FUS,9557718,Semliki Forest virus
FUS,18623341,Semliki Forest virus
FUS,32759702,Sendai virus
FUS,34303285,Sendai virus
FUS,31301488,Sendai virus
FUS,15368589,Sindbis virus
FUS,20061812,Sindbis virus
FUS,15368589,Sindbis-virus
FUS,20061812,Sindbis-virus
FUS,32217641,Theiler murine encephalomyelitis virus
FUS,24510538,Type I herpes simplex virus
FUS,35285294,VZV
FUS,17339636,West Nile Virus
FUS,17339636,West Nile virus
FUS,28126462,Western equine encephalitis virus
FUS,40131886,YFV
FUS,31695598,ZIKV
FUS,40131886,ZIKV
FUS,40131886,Zika virus
FUS,31695598,Zika viruses
FUS,30783974,adeno-associated viral
FUS,34039624,adeno-associated virus
FUS,35393905,adeno-associated virus
FUS,36263181,adeno-associated virus
FUS,38299365,adeno-associated virus
FUS,39585211,adeno-associated virus
FUS,40665471,adeno-associated virus
FUS,41397344,adeno-associated virus
FUS,41400721,adeno-associated virus
FUS,41676506,adeno-associated virus
FUS,41676685,adeno-associated virus
FUS,25354683,adeno-associated virus
FUS,26969468,adeno-associated virus
FUS,28842245,adeno-associated virus
FUS,36793858,adeno-associated virus serotype 9
FUS,32194850,adeno-associated viruses
FUS,33479314,adeno-associated viruses
FUS,36179767,adeno-associated viruses
FUS,36529289,adeno-associated viruses
FUS,30305211,adenoviral
FUS,38775127,adenovirus
FUS,40550563,adenovirus
FUS,11339897,adenovirus
FUS,16820184,adenovirus
FUS,18971280,adenovirus
FUS,23937386,adenovirus
FUS,38775127,adenoviruses
FUS,11339897,adenoviruses
FUS,23937386,adenoviruses
FUS,4556463,bacteriophage Mu
FUS,29417468,bovine viral diarrhea virus
FUS,40131886,chikungunya virus
FUS,33477032,coronavirus
FUS,9371619,cowpox virus
FUS,33827951,coxsackievirus B3
FUS,38700591,cytomegalovirus
FUS,38983570,cytomegalovirus
FUS,39775864,cytomegalovirus
FUS,24510538,cytomegalovirus
FUS,40131886,dengue virus
FUS,36898623,dicistrovirus
FUS,33827951,enterovirus 71
FUS,16820184,filovirus
FUS,11339897,gibbon ape leukemia virus
FUS,12788648,gibbon ape leukemia virus
FUS,20061812,gibbon ape leukemia virus
FUS,24510538,gibbon ape leukemia virus
FUS,15368589,gibbon ape leukemia virus envelope glycoprotein
FUS,12788648,herpes simplex virus
FUS,24687598,herpes simplex virus type 1
FUS,25815715,herpes simplex virus type 1
FUS,28408200,herpes simplex virus type 1 thymidine kinase
FUS,33287823,herpes simplex virus-2
FUS,33287823,herpes simplex viruses
FUS,24510538,herpes virus
FUS,18971280,herpesvirus
FUS,23759878,human herpes virus-8
FUS,31695598,human immunodeficiency virus
FUS,9108384,human immunodeficiency virus
FUS,31238957,human immunodeficiency virus
FUS,8849451,human immunodeficiency virus-type 1
FUS,35313793,human papilloma virus
FUS,41081313,human papilloma virus
FUS,29434138,human papilloma virus
FUS,34937489,human papillomavirus
FUS,36191925,human papillomavirus
FUS,23759878,human papillomavirus
FUS,20042637,human papillomavirus type 16
FUS,21452610,infectious bursal disease virus
FUS,32883835,influenza A viruses
FUS,11339897,measles virus proteins F and H
FUS,19531373,mouse cytomegalovirus
FUS,12385971,nipah virus
FUS,33827951,poliovirus
FUS,25354683,rAAV
FUS,30783974,rAAV
FUS,25354683,rAAVs
FUS,31695598,rabies virus
FUS,34371694,rabies virus
FUS,22734518,rabies virus
FUS,22734518,rabies virus infection
FUS,23426927,rubella virus
FUS,26209390,rubella virus
FUS,32577653,severe acute respiratory syndrome coronavirus
FUS,33200826,severe acute respiratory syndrome coronavirus 2
FUS,21500543,type I herpes simplex virus
FUS,24519667,type I herpes simplex virus
FUS,24687598,type I herpes simplex virus
FUS,38700591,varicella-zoster virus
FUS,40131886,yellow fever virus
FXR1,28758620,EBV
FXR1,28468889,EEEV
FXR1,28468889,Eastern equine encephalitis virus
FXR1,28758620,Epstein-Barr virus
FXR1,10888599,HIV-1
FXR1,36749074,Human Adenovirus
FXR1,36749074,Human adenoviruses
FXR1,38177924,SARS-CoV-2
FXR1,38587486,SARS-CoV-2
FXR1,41394631,SARS-CoV-2
FXR1,41532757,SARS-CoV-2
FXR1,42367876,SARS-CoV-2
FXR1,42167235,Semliki Forest virus
FXR1,28468889,Sindbis viruses
FXR1,28468889,VEEV
FXR1,31694937,VEEV
FXR1,42241276,VEEV
FXR1,31694937,Venezuelan Equine Encephalitis Virus
FXR1,28468889,Venezuelan equine encephalitis virus
FXR1,31694937,Venezuelan equine encephalitis virus
FXR1,42241276,Venezuelan equine encephalitis virus
FXR1,29101288,adeno-associated virus
FXR1,36749074,adenovirus
FXR1,36749074,adenoviruses
FXR1,28468889,alphavirus
FXR1,38587486,beta-Coronaviruses
FXR1,28468889,chikungunya
FXR1,31694937,chikungunya virus
FXR1,28758620,human herpes virus
FXR2,28468889,EEEV
FXR2,28468889,Eastern equine encephalitis virus
FXR2,36479111,HIV
FXR2,36479111,HIV-1
FXR2,38587486,SARS-CoV-2
FXR2,42167235,Semliki Forest virus
FXR2,28468889,Sindbis viruses
FXR2,28468889,VEEV
FXR2,31694937,VEEV
FXR2,31694937,Venezuelan Equine Encephalitis Virus
FXR2,28468889,Venezuelan equine encephalitis virus
FXR2,31694937,Venezuelan equine encephalitis virus
FXR2,28468889,alphavirus
FXR2,38587486,beta-Coronaviruses
FXR2,28468889,chikungunya
FXR2,31694937,chikungunya virus
G3BP1,37209818,African swine fever virus
G3BP1,41754572,African swine fever virus
G3BP1,20392851,Alphavirus
G3BP1,22875974,Arenavirus infection
G3BP1,40548742,Arteriviridae
G3BP1,37154717,Bat Coronavirus
G3BP1,40936503,Betacoronaviruses
G3BP1,36034716,CHIKV
G3BP1,40214262,CHIKV
G3BP1,40306108,CHIKV
G3BP1,25653451,CHIKV
G3BP1,29875241,CHIKV
G3BP1,29899097,CHIKV
G3BP1,31199850,CHIKV
G3BP1,33568506,CHIKV
G3BP1,29875241,CHIKV infection
G3BP1,33131924,Chikungunya
G3BP1,29875241,Chikungunya Virus
G3BP1,29899097,Chikungunya Virus
G3BP1,33568506,Chikungunya Virus
G3BP1,36034716,Chikungunya virus
G3BP1,37182691,Chikungunya virus
G3BP1,40214262,Chikungunya virus
G3BP1,40306108,Chikungunya virus
G3BP1,25653451,Chikungunya virus
G3BP1,27383630,Chikungunya virus
G3BP1,29875241,Chikungunya virus
G3BP1,33131924,Chikungunya virus
G3BP1,33568506,Chikungunya virus
G3BP1,37154717,Coronaviruses
G3BP1,33568512,Coronaviruses
G3BP1,36864501,Coxsackievirus B3
G3BP1,24260247,Coxsackievirus type B3
G3BP1,21957497,DENV
G3BP1,24992036,DENV
G3BP1,26350772,DENV
G3BP1,26350772,DENV type 2
G3BP1,21957497,DENV-2
G3BP1,26350772,DENV2
G3BP1,26350772,DENV3
G3BP1,26134849,DNA viruses
G3BP1,28350882,Dengue Virus
G3BP1,40383034,Dengue virus
G3BP1,21957497,Dengue virus
G3BP1,26350772,Dengue virus infection
G3BP1,28013103,EBOV
G3BP1,35007297,EBV
G3BP1,28468889,EEEV
G3BP1,42166486,EIAV
G3BP1,28468889,Eastern equine encephalitis virus
G3BP1,28013103,Ebola virus
G3BP1,23785203,Encephalomyocarditis virus
G3BP1,30006004,Enterovirus 71
G3BP1,31941779,Enterovirus D68
G3BP1,35007297,Epstein-Barr Virus
G3BP1,35007297,Epstein-Barr virus
G3BP1,42166486,Equine infectious anemia virus
G3BP1,29887867,FMD virus
G3BP1,27147742,Feline calicivirus
G3BP1,24696465,Flaviviruses
G3BP1,30944179,Flaviviruses
G3BP1,42275447,Foot-and-mouth disease virus
G3BP1,31996428,Foot-and-mouth disease virus
G3BP1,16842740,HCV
G3BP1,16996479,HCV
G3BP1,21543503,HCV
G3BP1,21561913,HCV
G3BP1,22855484,HCV
G3BP1,21561913,HCV (
G3BP1,16996479,HCV RC
G3BP1,21543503,HCV infection
G3BP1,33872335,HCV infection
G3BP1,21561913,HCV replication complex
G3BP1,25229650,HIV-1
G3BP1,26432022,HIV-1
G3BP1,25229650,HIV-1 infection
G3BP1,39636299,HSV-1
G3BP1,40145738,HSV-1
G3BP1,29793959,HSV-1
G3BP1,38572740,HSV1
G3BP1,16996479,Hepatitis C virus
G3BP1,21543503,Hepatitis C virus
G3BP1,21561913,Hepatitis C virus
G3BP1,22855484,Hepatitis C virus
G3BP1,31619557,Human Enterovirus Group B Viruses
G3BP1,31941779,Human enterovirus D68
G3BP1,27147742,Human norovirus
G3BP1,31905230,Human norovirus
G3BP1,27147742,Human noroviruses
G3BP1,35421804,IBV
G3BP1,35917182,IBV
G3BP1,35917182,IBV N
G3BP1,35421804,IBV infection
G3BP1,40503899,Influenza A Virus
G3BP1,40503899,Influenza A virus
G3BP1,27303792,JEV
G3BP1,27303792,Japanese encephalitis virus
G3BP1,22875974,Junin virus
G3BP1,40936503,MERS-CoV
G3BP1,34035218,MERS-CoV
G3BP1,28794026,Mammalian Orthoreovirus
G3BP1,28794026,Mammalian orthoreovirus
G3BP1,38572740,Marek's disease virus
G3BP1,36034716,Mayaro virus
G3BP1,31213553,Mouse Norovirus Infection
G3BP1,28011649,NDV
G3BP1,28011649,NDV infection
G3BP1,35652658,NPSARS-CoV-2
G3BP1,28011649,Newcastle disease virus
G3BP1,31905230,Norovirus infection
G3BP1,31403400,Noroviruses
G3BP1,34287041,Orf Virus
G3BP1,34287041,Orf virus
G3BP1,35858300,PRRSV
G3BP1,40994299,PRRSV
G3BP1,28421170,PRRSV
G3BP1,30826338,PRRSV
G3BP1,30826338,PRRSV infection
G3BP1,30826338,PRRSV strain VR2385
G3BP1,26610553,Poliovirus
G3BP1,40994299,Porcine Reproductive and Respiratory Syndrome Virus
G3BP1,39940851,Porcine circovirus type 2
G3BP1,35859736,Porcine epidemic diarrhea virus
G3BP1,38643723,Porcine epidemic diarrhea virus
G3BP1,33568512,Porcine epidemic diarrhea virus
G3BP1,31500725,Porcine epidemic diarrhoea virus
G3BP1,40994299,Porcine reproductive and respiratory syndrome virus
G3BP1,28421170,Porcine reproductive and respiratory syndrome virus
G3BP1,30826338,Porcine reproductive and respiratory syndrome virus
G3BP1,40145738,Pseudorabies virus
G3BP1,27749929,RABV
G3BP1,27749929,RABV infection
G3BP1,35935992,Red-Spotted Grouper Nervous Necrosis Virus
G3BP1,30258011,Rotavirus
G3BP1,34774526,SARS coronavirus
G3BP1,34035218,SARS-CoV
G3BP1,34517025,SARS-CoV-2
G3BP1,34578187,SARS-CoV-2
G3BP1,34780058,SARS-CoV-2
G3BP1,34799561,SARS-CoV-2
G3BP1,35075101,SARS-CoV-2
G3BP1,35240128,SARS-CoV-2
G3BP1,35652658,SARS-CoV-2
G3BP1,36081788,SARS-CoV-2
G3BP1,36394332,SARS-CoV-2
G3BP1,36740097,SARS-CoV-2
G3BP1,37100798,SARS-CoV-2
G3BP1,37154717,SARS-CoV-2
G3BP1,37192911,SARS-CoV-2
G3BP1,38245532,SARS-CoV-2
G3BP1,38492217,SARS-CoV-2
G3BP1,38609366,SARS-CoV-2
G3BP1,39459161,SARS-CoV-2
G3BP1,39506849,SARS-CoV-2
G3BP1,39708056,SARS-CoV-2
G3BP1,40107650,SARS-CoV-2
G3BP1,40411416,SARS-CoV-2
G3BP1,40733530,SARS-CoV-2
G3BP1,40936503,SARS-CoV-2
G3BP1,41162743,SARS-CoV-2
G3BP1,41591303,SARS-CoV-2
G3BP1,41920932,SARS-CoV-2
G3BP1,41936052,SARS-CoV-2
G3BP1,41960678,SARS-CoV-2
G3BP1,41962263,SARS-CoV-2
G3BP1,42367876,SARS-CoV-2
G3BP1,33479198,SARS-CoV-2
G3BP1,33495715,SARS-CoV-2
G3BP1,33781803,SARS-CoV-2
G3BP1,34029587,SARS-CoV-2
G3BP1,34035218,SARS-CoV-2
G3BP1,34456603,SARS-CoV-2
G3BP1,34517025,SARS-CoV-2 N
G3BP1,34578187,SARS-CoV-2 N
G3BP1,35652658,SARS-CoV-2 N
G3BP1,34780058,SARS-CoV-2 Nucleocapsid
G3BP1,33781803,SARS-CoV-2 infection
G3BP1,33479198,SARS-CoV-2 membrane (
G3BP1,34780058,SARS-CoV-2 nucleocapsid
G3BP1,34035218,SARS-CoV-2 nucleocapsid protein
G3BP1,35652658,SARS-CoV-2 virus infection
G3BP1,36534661,SARS-CoV2
G3BP1,34029587,SARS-Cov-2
G3BP1,41591303,Semliki Forest Virus
G3BP1,36034716,Semliki Forest virus
G3BP1,42167235,Semliki Forest virus
G3BP1,27383630,Semliki Forest virus
G3BP1,31199850,Semliki Forest virus
G3BP1,33568506,Semliki Forest virus
G3BP1,35075101,Sendai virus
G3BP1,31827077,Sendai virus
G3BP1,32295917,Sendai virus infection
G3BP1,33133097,Seneca Valley Virus 3C
G3BP1,33133097,Seneca Valley virus
G3BP1,31996428,Seneca Valley virus (SVV) 3A
G3BP1,36081788,Severe acute respiratory syndrome coronavirus-2
G3BP1,40548742,Simian hemorrhagic fever virus
G3BP1,36034716,Sindbis virus
G3BP1,18684830,Sindbis virus
G3BP1,20392851,Sindbis virus
G3BP1,23221551,Sindbis virus
G3BP1,33568506,Sindbis virus
G3BP1,28468889,Sindbis viruses
G3BP1,24696465,TBEV
G3BP1,24696465,TBEV infection
G3BP1,40239441,TGEV
G3BP1,22875974,Tacaribe virus
G3BP1,24696465,Tick-borne encephalitis virus
G3BP1,40239441,Transmissible gastroenteritis virus
G3BP1,23221551,VEEV
G3BP1,28468889,VEEV
G3BP1,36851680,VHSV
G3BP1,36851680,VHSV Ia
G3BP1,34110282,VSV
G3BP1,28963881,Vaccinia virus
G3BP1,23221551,Venezuelan equine encephalitis virus
G3BP1,28468889,Venezuelan equine encephalitis virus
G3BP1,34110282,Vesicular stomatitis virus
G3BP1,36851680,Viral Hemorrhagic Septicemia Virus
G3BP1,38295168,West Nile virus
G3BP1,28592527,ZIKV
G3BP1,28592527,ZIKV infection
G3BP1,30944179,ZIKV infection
G3BP1,30944179,ZIKV) infection
G3BP1,28592527,Zika Virus
G3BP1,30944179,Zika Virus
G3BP1,38295168,Zika virus
G3BP1,28592527,Zika virus
G3BP1,30944179,Zika virus (
G3BP1,40239441,alpha-coronavirus
G3BP1,33568512,alpha-coronavirus
G3BP1,20392851,alphavirus
G3BP1,23221551,alphavirus
G3BP1,27383630,alphavirus
G3BP1,28468889,alphavirus
G3BP1,29899097,alphavirus
G3BP1,30404792,aphthoviruses
G3BP1,35421804,avian infectious bronchitis virus
G3BP1,35917182,avian infectious bronchitis virus
G3BP1,37154717,bat coronavirus
G3BP1,40936503,betacoronavirus
G3BP1,38572740,bovine herpesvirus 1
G3BP1,38690262,bovine parainfluenza virus type 3
G3BP1,28468889,chikungunya
G3BP1,37182691,chikungunya virus
G3BP1,29899097,chikungunya virus
G3BP1,31199850,chikungunya virus
G3BP1,29899097,chikungunya virus nonstructural protein 3
G3BP1,35075101,coronavirus
G3BP1,36534661,coronavirus
G3BP1,37154717,coronavirus
G3BP1,39506849,coronavirus
G3BP1,40239441,coronavirus
G3BP1,36534661,coronaviruses
G3BP1,37049786,coronaviruses
G3BP1,40239441,coronaviruses
G3BP1,36864501,coxsackievirus B3
G3BP1,40383034,dengue virus
G3BP1,24992036,dengue virus
G3BP1,26350772,dengue virus
G3BP1,26350772,dengue virus infection
G3BP1,24992036,dengue viruses
G3BP1,39572728,duck reovirus
G3BP1,23785203,encephalomyocarditis virus
G3BP1,30404792,encephalomyocarditis virus
G3BP1,31996428,encephalomyocarditis virus
G3BP1,31996428,encephalomyocarditis virus (
G3BP1,31996428,enterovirus 71 (EV71) 3A
G3BP1,38572740,equine herpesvirus 1
G3BP1,30404792,equine rhinitis A virus
G3BP1,35098996,feline calicivirus
G3BP1,27147742,feline calicivirus
G3BP1,41849403,flavivirus
G3BP1,24696465,flavivirus
G3BP1,28592527,flavivirus
G3BP1,30404792,foot-and-mouth disease virus
G3BP1,31996428,foot-and-mouth disease virus
G3BP1,25783000,grass carp reovirus
G3BP1,25783000,grass carp reovirus infection
G3BP1,16842740,hepatitis C virus
G3BP1,16996479,hepatitis C virus
G3BP1,21543503,hepatitis C virus
G3BP1,21561913,hepatitis C virus
G3BP1,22855484,hepatitis C virus
G3BP1,24311440,hepatitis C virus
G3BP1,38572740,herpes simplex virus 1
G3BP1,40145738,herpes simplex virus 1
G3BP1,29793959,herpes simplex virus 1
G3BP1,36534661,human common cold coronavirus OC43
G3BP1,36534661,human coronaviruses
G3BP1,31619557,human enterovirus group B
G3BP1,32827928,infectious bursal disease virus
G3BP1,41831384,infectious hematopoietic necrosis virus
G3BP1,41962263,influenza A virus
G3BP1,23785203,influenza A virus
G3BP1,25784705,mengovirus
G3BP1,27147742,murine norovirus
G3BP1,31213553,murine norovirus
G3BP1,41586493,norovirus
G3BP1,27147742,norovirus
G3BP1,31403400,norovirus
G3BP1,31905230,norovirus
G3BP1,41586493,noroviruses
G3BP1,33568506,o'nyong-nyong virus
G3BP1,31996428,picornavirus
G3BP1,23785203,poliovirus
G3BP1,27147742,poliovirus
G3BP1,26610553,poliovirus (
G3BP1,25520508,poliovirus 3C proteinase
G3BP1,38593624,porcine deltacoronavirus (
G3BP1,31500725,porcine epidemic diarrhea virus
G3BP1,33568512,porcine epidemic diarrhea virus
G3BP1,35858300,porcine reproductive and respiratory syndrome virus
G3BP1,40145738,pseudorabies virus
G3BP1,27749929,rabies virus
G3BP1,35935992,red-spotted grouper nervous necrosis virus
G3BP1,30258011,rotavirus
G3BP1,34774526,severe acute respiratory syndrome coronavirus
G3BP1,34774526,severe acute respiratory syndrome coronavirus 2
G3BP1,36394332,severe acute respiratory syndrome coronavirus 2
G3BP1,38295168,severe acute respiratory syndrome coronavirus 2
G3BP1,38492217,severe acute respiratory syndrome coronavirus 2
G3BP1,39459161,severe acute respiratory syndrome coronavirus 2
G3BP1,40733530,severe acute respiratory syndrome coronavirus 2
G3BP1,40936503,severe acute respiratory syndrome coronavirus 2
G3BP1,41936052,severe acute respiratory syndrome coronavirus 2
G3BP1,41960678,severe acute respiratory syndrome coronavirus 2
G3BP1,33495715,severe acute respiratory syndrome coronavirus 2
G3BP1,34029587,severe acute respiratory syndrome coronavirus 2
G3BP1,40548742,simian hemorrhagic fever virus
G3BP1,24696465,tick-borne encephalitis virus
G3BP1,28963881,vaccinia virus
G3BP1,38572740,varicella zoster virus
G3BP1,41962263,vesicular stomatitis virus
G3BP1,30804210,vesicular stomatitis virus
G3BP1,31827077,vesicular stomatitis virus
G3BP1,35075101,vesicular stomatitis virus infection
G3BP1,38572740,vhsV
G3BP1,26610553,viral
HNRNPA0,38899932,HIV
HNRNPA0,38899932,HIV-1
HNRNPA0,37222763,HTLV-1
HNRNPA0,41817792,Influenza B virus
HNRNPA0,37222763,human T-cell leukemia virus type 1
HNRNPA0,41817792,influenza B virus
HNRNPA1,19455105,AAV
HNRNPA1,40080214,Avian coronavirus
HNRNPA1,29458410,EBV
HNRNPA1,30832682,EBV
HNRNPA1,29458410,Epstein-Barr virus
HNRNPA1,30832682,Epstein-Barr virus
HNRNPA1,11313474,Epstein-Barr virus latent membrane protein 1
HNRNPA1,32901845,H1N1 influenza virus
HNRNPA1,30731163,HBV
HNRNPA1,23451120,HCV
HNRNPA1,27165399,HCV
HNRNPA1,31666401,HEVA71
HNRNPA1,35881805,HIV
HNRNPA1,21329653,HIV-1
HNRNPA1,23451120,HIV-1
HNRNPA1,20351270,HPVs
HNRNPA1,11984596,HTLV-1
HNRNPA1,15703079,HTLV-1
HNRNPA1,16600502,HTLV-1
HNRNPA1,35041720,HTLV-1
HNRNPA1,41348149,HTLV-1
HNRNPA1,35041720,HTLV-1 infection
HNRNPA1,11984596,HTLV-1-tax
HNRNPA1,16600502,HTLV-1-tax
HNRNPA1,41285614,Hepatitis C Virus
HNRNPA1,27165399,Hepatitis C virus
HNRNPA1,41285614,Hepatitis C virus
HNRNPA1,35041720,Human T-cell Leukemia Virus type-1
HNRNPA1,31666401,Human enterovirus A71
HNRNPA1,21329653,Human immunodeficiency virus type 1
HNRNPA1,35215793,IAV
HNRNPA1,34968527,IBV
HNRNPA1,40080214,IBV
HNRNPA1,35215793,Influenza A virus
HNRNPA1,35215793,Influenza a Virus
HNRNPA1,35838046,Kirsten rat sarcoma virus
HNRNPA1,9782285,MHV
HNRNPA1,10603321,MHV
HNRNPA1,10603321,MHV N
HNRNPA1,27916855,Porcine epidemic diarrhea virus
HNRNPA1,33360543,SARS-CoV-2
HNRNPA1,34002013,SARS-CoV-2
HNRNPA1,34968527,SARS-CoV-2
HNRNPA1,42210591,SARS-CoV-2
HNRNPA1,40543453,Transmissible gastroenteritis virus (
HNRNPA1,19004954,VSV
HNRNPA1,19004954,Vesicular stomatitis virus
HNRNPA1,32086392,adeno-associated virus
HNRNPA1,36529289,adeno-associated viruses
HNRNPA1,40080214,avian coronavirus
HNRNPA1,33360543,betacoronavirus
HNRNPA1,31666401,chikungunya virus
HNRNPA1,10603321,coronavirus
HNRNPA1,35881805,coronaviruses
HNRNPA1,31666401,enterovirus C
HNRNPA1,31666401,enteroviruses A and B
HNRNPA1,27165399,hepatitis C virus
HNRNPA1,31666401,hepatitis C virus
HNRNPA1,31666401,herpes simplex 1
HNRNPA1,41348149,human T-cell lymphotropic virus type 1
HNRNPA1,11984596,human T-lymphotropic virus type 1
HNRNPA1,16600502,human T-lymphotropic virus type 1
HNRNPA1,21329653,human immunodeficiency virus type 1
HNRNPA1,23451120,human immunodeficiency virus type-1
HNRNPA1,20351270,human papillomavirus type-16
HNRNPA1,20351270,human papillomaviruses
HNRNPA1,34968527,infectious bronchitis virus
HNRNPA1,40080214,infectious bronchitis virus
HNRNPA1,32901845,influenza A
HNRNPA1,32901845,influenza virus
HNRNPA1,9782285,mouse hepatitis virus
HNRNPA1,10603321,mouse hepatitis virus
HNRNPA1,36861818,porcine epidemic diarrhea virus
HNRNPA1,32086392,rAAV
HNRNPA1,37005771,rhabdoviruses
HNRNPA1,31666401,rhinovirus A
HNRNPA1,34002013,severe acute respiratory syndrome coronavirus 2
HNRNPA1,37005771,snakehead vesiculovirus
HNRNPA1,19004954,vesicular stomatitis virus
HNRNPA1,19455105,virus
HNRNPA2B1,22690876,EBV
HNRNPA2B1,42124621,EBV
HNRNPA2B1,42283463,EBV
HNRNPA2B1,42124621,Epstein-Barr Virus
HNRNPA2B1,22690876,Epstein-Barr virus
HNRNPA2B1,42124621,Epstein-Barr virus
HNRNPA2B1,42283463,Epstein-Barr virus
HNRNPA2B1,32901845,H1N1 influenza virus
HNRNPA2B1,32552682,HBV
HNRNPA2B1,35024245,HBV
HNRNPA2B1,36726760,HBV
HNRNPA2B1,31736926,HEV
HNRNPA2B1,32119874,HEV
HNRNPA2B1,34750204,HSV type 1
HNRNPA2B1,32295924,HSV-1
HNRNPA2B1,34750204,HSV-1
HNRNPA2B1,41134667,HSV-1
HNRNPA2B1,26437031,HTLV-1
HNRNPA2B1,41736548,Hepatitis B virus
HNRNPA2B1,32119874,Hepatitis E Virus
HNRNPA2B1,31736926,Hepatitis E virus
HNRNPA2B1,32295924,Herpes Simplex Virus 1
HNRNPA2B1,33167434,IAV
HNRNPA2B1,35477000,SARS-CoV-2
HNRNPA2B1,40565000,SARS-CoV-2
HNRNPA2B1,36726760,SARS-CoV-2 omicron
HNRNPA2B1,39207136,Senecavirus A
HNRNPA2B1,35477000,Severe acute respiratory syndrome coronavirus 2
HNRNPA2B1,40689679,Severe fever with thrombocytopenia syndrome virus
HNRNPA2B1,33167434,avian influenza virus infections
HNRNPA2B1,29925861,bacteriophage
HNRNPA2B1,32552682,hepatitis B virus
HNRNPA2B1,35024245,hepatitis B virus
HNRNPA2B1,40326019,hepatitis B virus
HNRNPA2B1,35024245,hepatitis B virus S antigen
HNRNPA2B1,32119874,hepatitis E virus
HNRNPA2B1,32295924,herpes simplex virus 1
HNRNPA2B1,26437031,human T cell leukemia virus type-1
HNRNPA2B1,32901845,influenza A
HNRNPA2B1,33167434,influenza A virus
HNRNPA2B1,32901845,influenza virus
HNRNPA2B1,40565000,severe acute respiratory syndrome coronavirus 2
HNRNPA2B1,34750204,vaccinia virus
HNRNPC,32661314,Adenovirus
HNRNPC,29458410,EBV
HNRNPC,29458410,Epstein-Barr virus
HNRNPC,27565572,HBV
HNRNPC,31186504,HBV
HNRNPC,27565572,HBV&HCV
HNRNPC,27565572,HCV
HNRNPC,21774814,HDV
HNRNPC,38324005,Hantaan virus
HNRNPC,21774814,Hepatitis B virus
HNRNPC,31186504,Hepatitis B virus
HNRNPC,21774814,Hepatitis delta virus
HNRNPC,36362400,Influenza A
HNRNPC,28102850,JEV
HNRNPC,28102850,JEV infection
HNRNPC,28102850,Japanese encephalitis virus
HNRNPC,21774814,hepatitis delta virus
HNRNPC,21774814,hepatitis delta virus small antigen
HNRNPC,40037142,human immunodeficiency virus
HNRNPC,36362400,influenza
HNRNPC,28869005,influenza A and B viruses
HNRNPC,36362400,influenza A virus
HNRNPC,28869005,influenza B virus
HNRNPD,29458410,EBV
HNRNPD,29458410,Epstein-Barr virus
HNRNPD,25078689,WNV
HNRNPD,25078689,West Nile virus
HNRNPD,25078689,West Nile virus infection
HNRNPD,32422351,ZIKV
HNRNPD,39719453,adeno-associated virus
HNRNPDL,31280524,IAV
HNRNPDL,31280524,Influenza A (H1N1) Virus
HNRNPDL,32422351,ZIKV
HNRNPDL,31280524,influenza A virus
HNRNPF,38841782,Epstein-Barr Virus
HNRNPF,38841782,HIV
HNRNPF,41935299,foamy virus
HNRNPF,19926108,influenza A virus
HNRNPF,23427346,influenza A virus
HNRNPF,19926108,influenza virus
HNRNPF,19926108,influenza viruses
HNRNPH1,21823664,HCV
HNRNPH1,21823664,HCV infection
HNRNPH1,21823664,HCV-1b
HNRNPH1,21823664,HCVc
HNRNPH1,31280524,IAV
HNRNPH1,40052960,IAV
HNRNPH1,31280524,Influenza A (H1N1) Virus
HNRNPH1,40052960,Influenza A Virus
HNRNPH1,39694377,Japanese encephalitis virus
HNRNPH1,39694377,Japanese encephalitis virus (
HNRNPH1,38891862,SARS-CoV-2
HNRNPH1,25329145,enterovirus
HNRNPH1,21823664,hepatitis C virus core protein
HNRNPH1,31280524,influenza A virus
HNRNPH1,40052960,influenza A virus
HNRNPH1,38891862,severe acute respiratory syndrome coronavirus 2
HNRNPH1,23076522,swine fever virus
HNRNPH1,38891862,viruses
HNRNPH1,39094585,yellow fever virus
HNRNPH2,34763229,Sendai virus
HNRNPH2,19907502,foamy virus
HNRNPH2,19907502,foamy virus vectors
HNRNPK,18775702,African swine fever virus
HNRNPK,22258240,CHIKV
HNRNPK,39772225,Chikungunya Virus
HNRNPK,22258240,Chikungunya virus
HNRNPK,39772225,Chikungunya virus
HNRNPK,25569684,Dengue virus
HNRNPK,28758620,EBV
HNRNPK,28758620,Epstein-Barr virus
HNRNPK,26833585,HBV
HNRNPK,31186504,HBV
HNRNPK,22236369,HCMV
HNRNPK,25569684,HCV
HNRNPK,31736926,HEV
HNRNPK,32119874,HEV
HNRNPK,31666401,HEVA71
HNRNPK,18854243,HIV
HNRNPK,30123777,HIV-1
HNRNPK,38165048,HIV-1
HNRNPK,30123777,HIV-1 infection
HNRNPK,30123777,HIV-infected
HNRNPK,12052863,HPV-16
HNRNPK,38165048,HTLV-1
HNRNPK,41348149,HTLV-1
HNRNPK,31186504,Hepatitis B virus
HNRNPK,25569684,Hepatitis C virus
HNRNPK,32119874,Hepatitis E Virus
HNRNPK,31736926,Hepatitis E virus
HNRNPK,30123777,Human Immunodeficiency Virus type 1
HNRNPK,22236369,Human cytomegalovirus
HNRNPK,31666401,Human enterovirus A71
HNRNPK,23825951,Influenza A virus
HNRNPK,34535795,SARS-CoV-2
HNRNPK,19004954,VSV
HNRNPK,19004954,Vesicular stomatitis virus
HNRNPK,31666401,chikungunya virus
HNRNPK,31666401,enterovirus C
HNRNPK,31666401,enteroviruses A and B
HNRNPK,24416772,hepatitis C virus
HNRNPK,25569684,hepatitis C virus
HNRNPK,31666401,hepatitis C virus
HNRNPK,32119874,hepatitis E virus
HNRNPK,31666401,herpes simplex 1
HNRNPK,38165048,human T cell lymphotropic virus-type 1
HNRNPK,41348149,human T-cell lymphotropic virus type 1
HNRNPK,22236369,human cytomegalovirus
HNRNPK,28758620,human herpes virus
HNRNPK,38165048,human immunodeficiency virus-type 1
HNRNPK,12052863,human papilloma virus type 16
HNRNPK,23825951,influenza A virus
HNRNPK,36861818,porcine epidemic diarrhea virus
HNRNPK,39962077,rhinovirus
HNRNPK,31666401,rhinovirus A
HNRNPK,34535795,severe acute respiratory syndrome coronavirus 2
HNRNPK,8107114,simian virus 40
HNRNPK,7607214,vaccinia virus
HNRNPK,8107114,vaccinia virus
HNRNPK,19004954,vesicular stomatitis virus
HNRNPL,26637929,EBV
HNRNPL,29458410,EBV
HNRNPL,36603289,EBV
HNRNPL,36603289,Epstein-Barr Virus
HNRNPL,26637929,Epstein-Barr virus
HNRNPL,29458410,Epstein-Barr virus
HNRNPL,36603289,Epstein-Barr virus
HNRNPL,26637929,Epstein-Barr virus nuclear antigen-1
HNRNPL,19464723,HDV
HNRNPL,19464723,hepatitis delta virus
HNRNPM,21846828,H1N1 viruses
HNRNPM,21846828,H5N1 HPAI virus
HNRNPM,21846828,HPAI virus
HNRNPM,21846828,HPAI) viruses
HNRNPM,40434105,IAV
HNRNPM,39707025,Sendai virus
HNRNPM,21846828,avian influenza A
HNRNPM,39707025,herpes simplex virus 1
HNRNPM,40434105,influenza A virus
HNRNPM,21846828,influenza virus
HNRNPM,21846828,mammalian H1N1 virus
HNRNPM,40068468,pseudorabies virus
HNRNPM,21846828,viruses
HNRNPU,36752613,Alphacoronavirus
HNRNPU,39011773,HBV
HNRNPU,19020830,HIV
HNRNPU,19020830,HIV-1
HNRNPU,20935203,HIV-1
HNRNPU,31513772,HSV-1
HNRNPU,39011773,Hepatitis B virus
HNRNPU,27980386,KSHV
HNRNPU,34726485,KSHV
HNRNPU,27980386,Kaposi sarcoma-associated herpesvirus
HNRNPU,34726485,Kaposi's Sarcoma-Associated Herpesvirus
HNRNPU,34726485,Kaposi's sarcoma-associated herpesvirus
HNRNPU,36752613,Porcine epidemic diarrhea virus
HNRNPU,31513772,VSV infection
HNRNPU,42206368,adeno-associated virus
HNRNPU,11259850,baculovirus
HNRNPU,36752613,coronavirus
HNRNPU,27980386,gamma-herpesvirus
HNRNPU,39011773,hepatitis B virus
HNRNPU,19020830,human immunodeficiency virus type 1 HIV-1
HNRNPU,36044969,infectious bursal diseases virus
HNRNPU,35063826,influenza A virus
HNRNPU,35063826,influenza virus
HNRNPU,36044969,vesicular stomatitis virus (
IGF2BP1,35632635,Avian Reovirus
IGF2BP1,35632635,Avian reovirus
IGF2BP1,24965446,BVDV
IGF2BP1,31658691,DHAV
IGF2BP1,31658691,DHAV type 1
IGF2BP1,31658691,DHAV-1
IGF2BP1,34737357,Ebola viruses
IGF2BP1,33051595,HBV
IGF2BP1,39710348,HBV
IGF2BP1,40778958,HBV
IGF2BP1,41274417,HBV
IGF2BP1,41405154,HBV
IGF2BP1,19541769,HCV
IGF2BP1,24719423,HCV
IGF2BP1,20459747,HIV-1
IGF2BP1,36288717,HPV
IGF2BP1,36288717,HPV-associated malignancies
IGF2BP1,41405154,Hepatitis B Virus
IGF2BP1,39710348,Hepatitis B virus
IGF2BP1,19541769,Hepatitis C virus
IGF2BP1,20459747,Human immunodeficiency virus type 1
IGF2BP1,36288717,Human papillomavirus
IGF2BP1,23072359,MD virus
IGF2BP1,40994299,PRRSV
IGF2BP1,40994299,Porcine Reproductive and Respiratory Syndrome Virus
IGF2BP1,40994299,Porcine reproductive and respiratory syndrome virus
IGF2BP1,39474078,Respiratory syncytial virus
IGF2BP1,34737357,SARS-CoV-2
IGF2BP1,37192911,SARS-CoV-2
IGF2BP1,34737357,SARS-CoV-2 B.1.351
IGF2BP1,32498026,VSV-G
IGF2BP1,34737357,Zika
IGF2BP1,34868966,adeno-associated virus
IGF2BP1,24965446,bovine viral diarrhea virus
IGF2BP1,31658691,duck hepatitis A virus
IGF2BP1,33051595,hepatitis B virus
IGF2BP1,39710348,hepatitis B virus
IGF2BP1,40778958,hepatitis B virus
IGF2BP1,41274417,hepatitis B virus
IGF2BP1,41405154,hepatitis B virus
IGF2BP1,33051595,hepatitis B virus X
IGF2BP1,23824794,hepatitis C virus
IGF2BP1,24719423,hepatitis C virus
IGF2BP1,39474078,human respiratory syncytial virus
IGF2BP1,24965446,pestivirus
IGF2BP1,24965446,pestiviruses
IGF2BP1,32498026,vesicular-stomatitis-virus glycoprotein
IGF2BP2,38861275,AAV
IGF2BP2,40100069,AAV9
IGF2BP2,39296104,Adeno-associated virus
IGF2BP2,39872354,Adenovirus
IGF2BP2,38229002,Coxsackievirus B3
IGF2BP2,40546402,Coxsackievirus B3
IGF2BP2,25741595,HBV
IGF2BP2,40152398,HBV
IGF2BP2,25741595,HBV infection
IGF2BP2,23986595,HCV
IGF2BP2,36425940,HPV
IGF2BP2,35002506,HPV 16/18
IGF2BP2,23986595,Hepatitis C virus
IGF2BP2,35002506,Human papillomavirus (HPV) infection
IGF2BP2,39920115,SARS-CoV-2
IGF2BP2,39450952,Zika virus
IGF2BP2,39565347,Zika virus
IGF2BP2,36653190,adeno-associated virus
IGF2BP2,38702323,adeno-associated virus
IGF2BP2,38861275,adeno-associated virus
IGF2BP2,39872354,adeno-associated virus
IGF2BP2,40315919,adeno-associated virus
IGF2BP2,40539202,adeno-associated virus
IGF2BP2,41587665,adeno-associated virus
IGF2BP2,40100069,adeno-associated virus 9
IGF2BP2,40152398,hepatitis B virus
IGF2BP2,23986595,hepatitis C virus
IGF2BP2,36425940,human papilloma virus
IGF2BP2,34511027,poliovirus
IGF2BP3,41702895,Epstein-Barr virus
IGF2BP3,33825218,HBV
IGF2BP3,33825218,HBV-
IGF2BP3,29454027,HIV-1
IGF2BP3,39325621,HSV-1
IGF2BP3,40260505,Hepatitis B Virus
IGF2BP3,23226446,Marek's disease virus
IGF2BP3,41279033,SARS-COV-2
IGF2BP3,41279033,SARS-CoV-2
IGF2BP3,38196046,adeno-associated virus
IGF2BP3,39325621,herpes simplex virus 1
IGF2BP3,29454027,human immunodeficiency virus type 1
ILF2,38532469,DHAV-1
ILF2,31878072,Enterovirus 71
ILF2,23986595,HCV
ILF2,23986595,Hepatitis C virus
ILF2,34054851,IAV
ILF2,34054851,Influenza A virus
ILF2,31212927,JEV
ILF2,31212927,JEV infection
ILF2,31212927,Japanese encephalitis virus
ILF2,28693575,PRRSV
ILF2,28693575,Porcine reproductive and respiratory syndrome virus
ILF2,39128851,Rabies virus
ILF2,21109006,Singapore grouper iridovirus
ILF2,29775740,White spot syndrome virus
ILF2,32668391,coxsackievirus B3
ILF2,40447123,duck Tembusu virus
ILF2,23986595,hepatitis C virus
ILF2,28693575,porcine reproductive and respiratory syndrome virus
ILF2,38806818,porcine reproductive and respiratory syndrome virus
ILF2,39128851,rabies virus
ILF2,29775740,white spot syndrome virus
KHDRBS3,17505500,HBV infection
KHDRBS3,39896566,KSHV
KHDRBS3,41931390,KSHV
KHDRBS3,39896566,Kaposi's sarcoma-associated herpesvirus
KHDRBS3,41931390,Kaposi's sarcoma-associated herpesvirus
KHDRBS3,17505500,hepatitis B virus
KHSRP,25557928,H9N2 viruses
KHSRP,30696738,HPV
KHSRP,30696738,HPV16
KHSRP,30696738,HPV18
KHSRP,30696738,HPV18 infection
KHSRP,30696738,Human Papillomavirus
KHSRP,23988199,Human rhinovirus
KHSRP,33503521,Sendai virus
KHSRP,41932065,adeno-associated virus 8
KHSRP,25557928,avian influenza A virus
KHSRP,25557928,avian influenza viruses
KHSRP,27899653,enterovirus
KHSRP,30696738,human papillomavirus
KHSRP,23988199,human rhinovirus
LIN28A,41270510,BVDV
LIN28A,41270510,Bovine viral diarrhea virus
LIN28A,29458410,EBV
LIN28A,29458410,Epstein-Barr virus
LIN28A,34766297,Epstein-Barr virus
LIN28A,29742265,HBV
LIN28A,30460090,Sendai virus
LIN28A,38134923,Sendai virus
LIN28A,22263265,adeno-associated viral vectors
LIN28A,29742265,hepatitis B virus
LIN28A,22263265,rAAV
MATR3,39919500,African swine fever virus
MATR3,34600458,HBV
MATR3,21771348,HIV
MATR3,30425153,HIV
MATR3,40021667,HIV
MATR3,21771346,HIV-1
MATR3,23158102,HIV-1
MATR3,30425153,HIV-1
MATR3,33016926,HIV-1
MATR3,39902983,HIV-1
MATR3,40021667,HIV-1
MATR3,33016926,HIV-1 viremia
MATR3,23158102,Human immunodeficiency virus
MATR3,33016926,RESULTSHIV-1
MATR3,33388707,Sendai
MATR3,31056746,adeno-associated viruses
MATR3,34600458,hepatitis B virus
MATR3,21771346,human immunodeficiency virus type 1
MATR3,39902983,human immunodeficiency virus type 1
MBNL1,36744886,HIV
MBNL1,36744886,HIV-1
MBNL1,41886495,Herpesvirus
MBNL1,41886495,Kaposi's sarcoma-associated herpesvirus
MBNL1,41878441,SARS-CoV-2
MBNL1,32086392,adeno-associated virus
MBNL1,39710919,adeno-associated virus
MBNL1,40238915,adeno-associated virus
MBNL1,40879030,adeno-associated virus
MBNL1,32086392,rAAV
METTL3,38195035,AAV2
METTL3,40100069,AAV9
METTL3,31405565,Adeno-associated virus
METTL3,40467575,Adeno-associated virus 5
METTL3,33243990,Adenovirus
METTL3,36752613,Alphacoronavirus
METTL3,29447282,BK virus
METTL3,40409108,Coxsackievirus
METTL3,39339923,Coxsackievirus B3
METTL3,39597541,Coxsackievirus B3
METTL3,39961559,Coxsackievirus B3
METTL3,36338034,Coxsackievirus B3
METTL3,42198716,Coxsackievirus B5
METTL3,37306620,Crimean-Congo haemorrhagic fever virus
METTL3,37306620,EBOV
METTL3,36860353,EBV
METTL3,33434416,EBV
METTL3,34425696,EBV
METTL3,35304258,EBV
METTL3,37306620,Ebola virus
METTL3,40480313,Enterovirus 71
METTL3,42198716,Enterovirus A71
METTL3,34279591,Enterovirus A71
METTL3,36860353,Epstein-Barr virus
METTL3,38537697,Epstein-Barr virus
METTL3,33434416,Epstein-Barr virus
METTL3,34425696,Epstein-Barr virus
METTL3,35304258,Epstein-Barr virus
METTL3,40152398,HBV
METTL3,41405154,HBV
METTL3,34851655,HBV
METTL3,34968770,HBV
METTL3,35135882,HBV
METTL3,36102650,HBV
METTL3,33397803,HBV X
METTL3,34968770,HBV infection
METTL3,40560728,HCMV
METTL3,35359726,HCMV infection
METTL3,35794896,HCV
METTL3,36314819,HCV
METTL3,35794896,HCV RNA
METTL3,35794896,HCV infection
METTL3,36314819,HCV infection
METTL3,36102650,HDV
METTL3,37329536,HIV
METTL3,39975020,HIV
METTL3,34179640,HIV
METTL3,35101069,HIV
METTL3,37329536,HIV-1
METTL3,39803509,HIV-1
METTL3,39975020,HIV-1
METTL3,41085277,HIV-1
METTL3,41278777,HIV-1
METTL3,41890003,HIV-1
METTL3,42210692,HIV-1
METTL3,34179640,HIV-1
METTL3,35101069,HIV-1
METTL3,35137199,HIV-1
METTL3,34671602,HRSV
METTL3,37356601,HSV-1
METTL3,34282019,HSV-1
METTL3,35685469,HSV-1
METTL3,35685469,HSV-1 infections
METTL3,41405154,Hepatitis B Virus
METTL3,33372396,Hepatitis B virus
METTL3,34851655,Hepatitis B virus
METTL3,34968770,Hepatitis B virus
METTL3,35135882,Hepatitis B virus
METTL3,36102650,Hepatitis delta virus
METTL3,35359726,Human Cytomegalovirus
METTL3,34671602,Human Respiratory Syncytial Virus
METTL3,34425696,Human Tumor Virus
METTL3,40493198,Human cytomegalovirus
METTL3,35359726,Human cytomegalovirus (HCMV) infection
METTL3,42303463,Human papillomavirus
METTL3,34929018,Human respiratory syncytial virus
METTL3,35172162,IAV
METTL3,35583334,Influenza A Virus
METTL3,29447282,JC virus
METTL3,38243270,Japanese encephalitis virus
METTL3,42314059,Japanese encephalitis virus
METTL3,37306620,Junin virus
METTL3,29659627,KSHV
METTL3,29659627,Kaposi's sarcoma-associated herpesvirus
METTL3,36401345,Marek's disease virus
METTL3,29447282,Merkel cell polyomavirus
METTL3,35211628,Middle-East respiratory syndrome coronavirus infections
METTL3,40573422,Nipah Virus
METTL3,40573422,Nipah virus
METTL3,41325422,Nipah virus
METTL3,40548751,PRRSV
METTL3,36786625,Peste des petits ruminants virus
METTL3,29447282,Polyomaviruses
METTL3,36752613,Porcine epidemic diarrhea virus
METTL3,40629467,Porcine rotavirus
METTL3,36819040,Pseudorabies virus
METTL3,37089388,RSV
METTL3,34929018,RSV
METTL3,34929018,RSVs
METTL3,37089388,Respiratory syncytial virus
METTL3,36859333,SARS-CoV-2
METTL3,38496599,SARS-CoV-2
METTL3,38785102,SARS-CoV-2
METTL3,40510117,SARS-CoV-2
METTL3,41722706,SARS-CoV-2
METTL3,33961823,SARS-CoV-2
METTL3,34168039,SARS-CoV-2
METTL3,34225491,SARS-CoV-2
METTL3,35794896,SARS-CoV-2
METTL3,36299421,SARS-CoV-2
METTL3,36314819,SARS-CoV-2
METTL3,36555339,SARS-CoV-2
METTL3,36860353,SARS-CoV2
METTL3,41325422,Sendai virus
METTL3,36555339,Severe acute respiratory syndrome coronavirus 2
METTL3,33707441,VSV
METTL3,33707441,Vesicular Stomatitis Virus
METTL3,40214229,Vesicular stomatitis virus
METTL3,41890045,ZIKV
METTL3,41929174,ZIKV
METTL3,27773536,ZIKV
METTL3,27773536,ZIKV infection
METTL3,27773536,Zika
METTL3,41890045,Zika virus
METTL3,41929174,Zika virus
METTL3,36764493,adeno-associated virus
METTL3,39530587,adeno-associated virus
METTL3,39977233,adeno-associated virus
METTL3,39982709,adeno-associated virus
METTL3,40340690,adeno-associated virus
METTL3,40401375,adeno-associated virus
METTL3,40983122,adeno-associated virus
METTL3,41873711,adeno-associated virus
METTL3,42003465,adeno-associated virus
METTL3,36194423,adeno-associated virus
METTL3,36653190,adeno-associated virus
METTL3,40100069,adeno-associated virus 9
METTL3,39606797,adenovirus
METTL3,39977233,adenovirus
METTL3,40983122,adenovirus
METTL3,33243990,adenovirus
METTL3,34168039,beta-coronavirus
METTL3,41325422,bovine parainfluenza virus type 3
METTL3,34168039,coronavirus
METTL3,36555339,coronavirus
METTL3,36752613,coronavirus
METTL3,39339923,coxsackievirus B3
METTL3,39597541,coxsackievirus B3
METTL3,36338034,coxsackievirus B3
METTL3,42198716,coxsackievirus B5
METTL3,42198716,enterovirus
METTL3,30364964,enterovirus 71
METTL3,32446384,enterovirus 71
METTL3,34279591,enterovirus 71
METTL3,35794896,enterovirus 71
METTL3,36314819,enterovirus 71
METTL3,36455356,enterovirus 71
METTL3,42198716,enterovirus A71
METTL3,39961559,enteroviruses
METTL3,41849403,flavivirus
METTL3,40152398,hepatitis B virus
METTL3,40326019,hepatitis B virus
METTL3,41405154,hepatitis B virus
METTL3,34968770,hepatitis B virus
METTL3,36102650,hepatitis B virus
METTL3,42141118,hepatitis C virus
METTL3,30364964,hepatitis C virus
METTL3,35794896,hepatitis C virus
METTL3,36314819,hepatitis C virus
METTL3,37356601,herpes simplex virus type 1
METTL3,35685469,herpes virus type 1
METTL3,40560728,human cytomegalovirus
METTL3,38238848,human immunodeficiency virus 1
METTL3,39975020,human immunodeficiency virus 1
METTL3,41890003,human immunodeficiency virus type 1
METTL3,42210692,human immunodeficiency virus type 1
METTL3,41325422,human parainfluenza virus type 3
METTL3,34671602,human respiratory syncytial virus
METTL3,34929018,human respiratory syncytial virus
METTL3,40930289,influenza A virus
METTL3,35172162,influenza A virus
METTL3,35583334,influenza A virus
METTL3,35583334,influenza virus
METTL3,32760718,influenza viruses
METTL3,35583334,influenza viruses
METTL3,41325422,measles virus
METTL3,39814281,nucleopolyhedrovirus
METTL3,29447282,polyomavirus simian virus 40
METTL3,29447282,polyomaviruses
METTL3,36819040,porcine pseudorabies
METTL3,40548751,porcine reproductive and respiratory syndrome virus
METTL3,40629467,porcine rotavirus
METTL3,41514044,reovirus
METTL3,33442060,retroviral
METTL3,35137199,retroviral
METTL3,35098923,rotavirus (
METTL3,33961823,severe acute respiratory syndrome coronavirus clade 2
METTL3,34225491,severe acute respiratory syndrome coronavirus-2
METTL3,40214229,vesicular stomatitis virus
MSI1,11424191,CMV
MSI1,39087525,Chikungunya virus
MSI1,11424191,Cytomegalovirus
MSI1,31061405,Flavivirus
MSI1,35840700,Flavivirus
MSI1,38399643,Kindia Tick Virus
MSI1,38399643,Kindia tick virus
MSI1,11424191,MCMV
MSI1,34062443,NDV
MSI1,34062443,NDV V
MSI1,34062443,Newcastle disease virus
MSI1,34062443,Newcastle disease viruses
MSI1,36291177,Retroviruses
MSI1,41914497,SARS-CoV-2
MSI1,34289950,ZIKA virus infection
MSI1,31061405,ZIKV
MSI1,32422351,ZIKV
MSI1,34289950,ZIKV
MSI1,36854751,ZIKV
MSI1,40926050,ZIKV
MSI1,28572454,Zika
MSI1,31061405,Zika
MSI1,28572454,Zika virus
MSI1,31061405,Zika virus
MSI1,34289950,Zika virus
MSI1,35840700,Zika virus
MSI1,36854751,Zika virus
MSI1,40926050,Zika virus
MSI1,36291177,avian leukosis virus subgroup J
MSI1,39936918,avian leukosis virus subgroup J
MSI1,39936918,chicken astrovirus
MSI1,11424191,murine cytomegalovirus
MSI1,39936918,porcine epidemic diarrhea virus
MSI1,36291177,reticuloendotheliosis virus
MSI1,39936918,reticuloendotheliosis virus
MSI1,36291177,retroviruses
NONO,22114566,Adenovirus
NONO,30823210,ChiVMV
NONO,30823210,Chilli veinal mottle virus
NONO,228070,EBV
NONO,25926645,EBV
NONO,26951683,EBV
NONO,29458410,EBV
NONO,25926645,Epstein-Barr Virus
NONO,228070,Epstein-Barr virus
NONO,25926645,Epstein-Barr virus
NONO,26951683,Epstein-Barr virus
NONO,29458410,Epstein-Barr virus
NONO,23400555,HBV
NONO,26495131,HIV
NONO,30270045,HIV
NONO,36975595,HIV
NONO,16438650,HIV type 1 group N infections
NONO,11325274,HIV-1
NONO,11353775,HIV-1
NONO,16438650,HIV-1
NONO,25769457,HIV-1
NONO,30270045,HIV-1
NONO,25769457,HIV-1 Infection
NONO,11353775,HIV-1 group M
NONO,16438650,HIV-1 group N infections
NONO,25769457,HIV-1 infection
NONO,11353775,HIV-2
NONO,30270045,HIV-2
NONO,39214388,HSV-1
NONO,42198755,HSV-1
NONO,35216000,HTLV-1
NONO,42198755,Herpes Simplex Virus 1
NONO,11353775,Human immunodeficiency virus (HIV)-1
NONO,39499073,JEV
NONO,39499073,Japanese encephalitis virus
NONO,39214388,KSHV
NONO,39214388,Kaposi's Sarcoma-associated herpesvirus
NONO,39214388,Kaposi's sarcoma-associated herpesvirus
NONO,34808252,Lactobacillus delbrueckii bacteriophage PMBT4
NONO,39413144,PRRSV
NONO,30823210,Pepper mottle virus
NONO,30823210,Pepper veinal mottle virus
NONO,30823210,Potato virus Y
NONO,36306554,Pseudorabies virus
NONO,11376047,Rotavirus
NONO,33957720,SARS-CoV
NONO,32562665,SARS-CoV-2
NONO,33188185,SARS-CoV-2
NONO,33564039,SARS-CoV-2
NONO,33706041,SARS-CoV-2
NONO,33957720,SARS-CoV-2
NONO,34537776,SARS-CoV-2
NONO,35041206,SARS-CoV-2
NONO,35851010,SARS-CoV-2
NONO,36036090,SARS-CoV-2
NONO,36184636,SARS-CoV-2
NONO,16438650,SIVcpz
NONO,30823210,Tobacco etch virus
NONO,30823210,Tobacco vein mottling virus
NONO,22114566,VSV
NONO,39499073,VSV
NONO,39499073,WNV
NONO,39499073,West Nile virus
NONO,39499073,ZIKV
NONO,39499073,Zika virus
NONO,35851010,adenovirus
NONO,34808252,bulgaricus phages
NONO,39499073,flavivirus
NONO,22561986,foot-and-mouth disease virus
NONO,23400555,hepatitis B virus
NONO,23400555,hepatitis B virus surface antigen
NONO,23400555,hepatitis C virus (
NONO,25926645,herpesvirus
NONO,35216000,human T-cell leukemia virus type 1
NONO,36975595,human immunodeficiency virus
NONO,22114566,influenza A virus
NONO,22114566,influenza virus
NONO,39413144,porcine reproductive and respiratory syndrome virus
NONO,33564039,severe acute respiratory syndrome coronavirus 2
NONO,36184636,severe acute respiratory syndrome coronavirus 2
NONO,37329825,severe acute respiratory syndrome coronavirus 2
NONO,39499073,vesicular stomatitis virus
NOVA1,24312278,HIV-1
NOVA1,30696738,HPV
NOVA1,31375778,HPV
NOVA1,30696738,HPV16
NOVA1,30696738,HPV18
NOVA1,30696738,HPV18 infection
NOVA1,38167429,HSV1
NOVA1,30696738,Human Papillomavirus
NOVA1,24312278,MLV
NOVA1,24312278,VSV-G
NOVA1,31375778,human papilloma virus
NOVA1,30696738,human papillomavirus
NOVA1,24312278,lentiviral
PABPC1,26735137,Chikungunya virus
PABPC1,40096172,Coronavirus
PABPC1,26735137,DENV
PABPC1,26735137,DENV infection
PABPC1,26735137,Dengue virus
PABPC1,40294010,Enterovirus D68
PABPC1,18184455,Epstein-Barr virus
PABPC1,41851283,Epstein-Barr virus
PABPC1,42231789,Flavivirus
PABPC1,23964095,HCMV
PABPC1,19141475,HIV-1
PABPC1,20943973,HPV
PABPC1,20943973,HPV type 16
PABPC1,20943973,HPV16
PABPC1,20943973,HPV16 E6
PABPC1,19864386,HSV-1
PABPC1,19864386,HSV-1 infection
PABPC1,35758691,HSV1
PABPC1,38572740,HSV1
PABPC1,35758691,Herpes Simplex Virus 1
PABPC1,19864386,Herpes simplex virus
PABPC1,31649314,Human respiratory syncytial virus
PABPC1,40096172,IBV
PABPC1,38629840,Influenza A virus
PABPC1,38629840,Influenza A viruses
PABPC1,39694377,Japanese encephalitis virus
PABPC1,39694377,Japanese encephalitis virus (
PABPC1,22022268,KSHV
PABPC1,22043172,KSHV
PABPC1,22745225,KSHV
PABPC1,23077296,KSHV
PABPC1,34787459,KSHV
PABPC1,34787459,KSHV infection
PABPC1,22043172,Kaposi sarcoma-associated herpesvirus
PABPC1,22022268,Kaposi's Sarcoma-Associated Herpesvirus
PABPC1,34787459,Kaposi's Sarcoma-Associated Herpesvirus
PABPC1,22745225,Kaposi's sarcoma-associated herpesvirus
PABPC1,23077296,Kaposi's sarcoma-associated herpesvirus
PABPC1,34787459,Kaposi's sarcoma-associated herpesvirus
PABPC1,26735137,Kunjin virus
PABPC1,36888656,L-A mycovirus
PABPC1,38572740,Marek's disease virus
PABPC1,35746667,Porcine epidemic diarrhea virus
PABPC1,41341288,Pseudorabies Virus
PABPC1,41341288,Pseudorabies virus
PABPC1,31649314,RSV
PABPC1,39338982,Respiratory Syncytial Virus
PABPC1,18799579,Rotavirus
PABPC1,39343185,SARS-CoV-2
PABPC1,32512928,Seneca Valley Virus
PABPC1,36945573,Vaccinia virus
PABPC1,42231789,ZIKV
PABPC1,38572740,bovine herpesvirus 1
PABPC1,40096172,coronavirus
PABPC1,41279592,coronavirus
PABPC1,40096172,coronaviruses
PABPC1,23964095,cytomegalovirus
PABPC1,26735137,dengue
PABPC1,38572740,equine herpesvirus 1
PABPC1,42231789,flavivirus
PABPC1,26735137,hepatitis C virus
PABPC1,35758691,herpes simplex virus 1
PABPC1,38572740,herpes simplex virus 1
PABPC1,19864386,herpes simplex virus type 1
PABPC1,26735137,herpes simplex virus type 1
PABPC1,22022268,herpesvirus
PABPC1,26735137,human adenovirus
PABPC1,23964095,human cytomegalovirus
PABPC1,20943973,human papillomavirus
PABPC1,20943973,human papillomavirus type 16
PABPC1,40096172,infectious bronchitis virus
PABPC1,38629840,influenza A virus
PABPC1,39334466,influenza A virus
PABPC1,36888656,mycovirus
PABPC1,39182469,porcine epidemic diarrhea virus
PABPC1,18799579,rotavirus
PABPC1,36945573,vaccinia virus
PABPC1,36945573,vaccinia virus infection
PABPC1,38572740,varicella zoster virus
PABPC1,38572740,vhsV
PABPC3,35041720,HTLV-1
PABPC3,35041720,HTLV-1 infection
PABPC3,35041720,Human T-cell Leukemia Virus type-1
PABPC4,34612687,Betacoronavirus
PABPC4,20943973,HPV
PABPC4,20943973,HPV type 16
PABPC4,39006509,HPV-11
PABPC4,20943973,HPV16
PABPC4,20943973,HPV16 E6
PABPC4,33499896,Orf virus
PABPC4,32935103,SARS virus
PABPC4,32935103,SARS-CoV-2
PABPC4,33730015,SARS-CoV-2
PABPC4,41761645,SARS-CoV-2
PABPC4,40266995,Swine acute diarrhea syndrome coronavirus
PABPC4,34612687,coronaviruses
PABPC4,40266995,enteric coronavirus
PABPC4,20943973,human papillomavirus
PABPC4,20943973,human papillomavirus type 16
PABPN1,31294444,AAV
PABPN1,23035221,Canine parvovirus
PABPN1,38629840,Influenza A virus
PABPN1,38629840,Influenza A viruses
PABPN1,30785952,KSHV
PABPN1,32376621,KSHV
PABPN1,32854341,KSHV
PABPN1,32376621,Kaposi's Sarcoma-Associated Herpesvirus
PABPN1,32854341,Kaposi's sarcoma associated herpesvirus
PABPN1,30785952,Kaposi's sarcoma-associated herpesvirus
PABPN1,32376621,Kaposi's sarcoma-associated herpesvirus
PABPN1,27152426,adeno-associated viruses
PABPN1,37356722,human adenovirus type 5
PABPN1,38629840,influenza A virus
PCBP1,23864636,Alphavirus
PCBP1,27223893,Avian Influenza Virus H7N9
PCBP1,23864636,CHIKV
PCBP1,23864636,Chikungunya virus
PCBP1,36274935,Classical swine fever virus
PCBP1,35764193,Coxsackievirus B3
PCBP1,24489926,Enterovirus 71
PCBP1,30247716,Enterovirus 71
PCBP1,34730395,Enterovirus D68
PCBP1,27223893,H1N1 influenza A virus
PCBP1,30001579,H1N1 influenza A virus
PCBP1,30001579,H1N1pdm09influenza virus
PCBP1,27223893,H7N9 influenza virus
PCBP1,10374953,HCV
PCBP1,35215884,HCV
PCBP1,32119874,HEV
PCBP1,15246275,HHV-8
PCBP1,9712894,HPV-16
PCBP1,9712894,HPV-16 L2
PCBP1,33239454,HSV-1
PCBP1,38690287,HTLV-1
PCBP1,32119874,Hepatitis E Virus
PCBP1,33239454,Herpes Simplex Virus Type 1
PCBP1,33239454,Herpes simplex virus
PCBP1,38690287,Human T-cell leukemia virus type 1
PCBP1,9712894,Human papillomavirus (HPV) type 16
PCBP1,27223893,Influenza A Virus H1N1
PCBP1,15246275,KSHV
PCBP1,15246275,Kaposi's sarcoma-associated herpesvirus
PCBP1,22028648,MHV-68
PCBP1,40192860,PRRSV
PCBP1,40548980,PRRSV
PCBP1,18656221,Poliovirus
PCBP1,38742903,Porcine parvovirus
PCBP1,40192860,Porcine reproductive and respiratory syndrome virus
PCBP1,40548980,Porcine reproductive and respiratory syndrome virus
PCBP1,21976648,Porcine reproductive and respiratory syndrome virus (PRRSV) infection
PCBP1,23864636,Semliki Forest virus
PCBP1,23864636,Sindbis virus
PCBP1,23221550,classical swine fever virus
PCBP1,18656221,coxsackievirus
PCBP1,34730395,coxsackievirus A16
PCBP1,35764193,coxsackievirus B3 infection
PCBP1,30247716,enterovirus 71
PCBP1,34730395,enterovirus 71
PCBP1,22028648,gamma-herpesvirus
PCBP1,10374953,hepatitis C virus
PCBP1,35215884,hepatitis C virus
PCBP1,32119874,hepatitis E virus
PCBP1,15246275,human herpesvirus 8
PCBP1,9712894,human papillomavirus type 16 L2
PCBP1,18656221,human rhinovirus
PCBP1,30001579,influenza H7N9 virus
PCBP1,22028648,murine gamma-herpesvirus 68
PCBP1,8855318,poliovirus
PCBP1,9223526,poliovirus
PCBP1,9257647,poliovirus
PCBP1,10608888,poliovirus
PCBP1,12414943,poliovirus
PCBP1,15246275,poliovirus
PCBP1,17581994,poliovirus
PCBP1,18656221,poliovirus
PCBP1,38742903,porcine parvovirus
PCBP1,21976648,porcine reproductive and respiratory syndrome virus
PCBP1,23221550,swine pestivirus
PCBP1,7607214,vaccinia virus
PCBP1,21752917,vesicular stomatitis virus
PCBP1,21752917,vesicular stomatitis virus (
PCBP2,26873921,Cadicivirus
PCBP2,19446305,Coxsackievirus B3
PCBP2,28539455,Coxsackievirus B3
PCBP2,31234696,Coxsackievirus B3
PCBP2,34406862,Coxsackievirus B3
PCBP2,35972696,Coxsackievirus B3
PCBP2,31234696,Coxsackievirus B3 infection
PCBP2,39300570,DHAV-1
PCBP2,41638535,Dabie bandavirus
PCBP2,39300570,Duck hepatitis A virus
PCBP2,25717101,EBV
PCBP2,26202240,Enterovirus 71
PCBP2,25717101,Epstein-Barr Virus
PCBP2,25717101,Epstein-Barr virus
PCBP2,31273191,Foot-and-mouth disease virus
PCBP2,29327729,H5N1 influenza virus
PCBP2,9811700,HAV
PCBP2,17967440,HAV
PCBP2,17967440,HAV infection
PCBP2,10374953,HCV
PCBP2,11163645,HCV
PCBP2,16051805,HCV
PCBP2,16842740,HCV
PCBP2,20497049,HCV
PCBP2,21632751,HCV
PCBP2,22022391,HCV
PCBP2,23770926,HCV
PCBP2,24719423,HCV
PCBP2,25662750,HCV
PCBP2,34824224,HCV
PCBP2,39205194,HCV
PCBP2,28956771,HCV infection
PCBP2,32119874,HEV
PCBP2,28237978,HIV
PCBP2,22951310,HP-PRRSV
PCBP2,9712894,HPV-16
PCBP2,9712894,HPV-16 L2
PCBP2,16051805,Hepatitis C virus
PCBP2,32119874,Hepatitis E Virus
PCBP2,9712894,Human papillomavirus (HPV) type 16
PCBP2,24418535,Human rhinovirus
PCBP2,23946460,Norovirus
PCBP2,10954557,Norwalk virus
PCBP2,22951310,PRRSV
PCBP2,33127640,PRRSV
PCBP2,24357634,Picornavirus Type 1
PCBP2,18252259,Poliovirus
PCBP2,18656221,Poliovirus
PCBP2,21779168,Poliovirus
PCBP2,24371074,Poliovirus
PCBP2,15134450,Poliovirus type 1
PCBP2,32768236,Porcine epidemic diarrhea virus
PCBP2,21976648,Porcine reproductive and respiratory syndrome virus (PRRSV) infection
PCBP2,24357634,Type 1 picornavirus
PCBP2,23077311,VSV
PCBP2,40535628,Woodchuck Hepatitis Virus
PCBP2,20497049,adenovirus
PCBP2,33127640,arterivirus
PCBP2,24357634,bovine enterovirus
PCBP2,26873921,cadicivirus
PCBP2,32768236,coronaviruses
PCBP2,28539455,coxsackie B viruses
PCBP2,10606268,coxsackievirus
PCBP2,18656221,coxsackievirus
PCBP2,18929541,coxsackievirus
PCBP2,19446305,coxsackievirus
PCBP2,28539455,coxsackievirus
PCBP2,18086560,coxsackievirus B3
PCBP2,18929541,coxsackievirus B3
PCBP2,28539455,coxsackievirus B3
PCBP2,39036953,coxsackievirus B3
PCBP2,10606268,encephalomyocarditis virus
PCBP2,24357634,enterovirus 71
PCBP2,33604677,enterovirus 71
PCBP2,35971620,enterovirus 71
PCBP2,10606268,foot-and-mouth disease virus
PCBP2,39339889,grey teal calicivirus
PCBP2,9811700,hepatitis A virus
PCBP2,17967440,hepatitis A virus
PCBP2,10374953,hepatitis C virus
PCBP2,10954557,hepatitis C virus
PCBP2,11163645,hepatitis C virus
PCBP2,16051805,hepatitis C virus
PCBP2,16842740,hepatitis C virus
PCBP2,19740508,hepatitis C virus
PCBP2,20497049,hepatitis C virus
PCBP2,21632751,hepatitis C virus
PCBP2,22022391,hepatitis C virus
PCBP2,23770926,hepatitis C virus
PCBP2,24719423,hepatitis C virus
PCBP2,25411354,hepatitis C virus
PCBP2,25662750,hepatitis C virus
PCBP2,34824224,hepatitis C virus
PCBP2,39205194,hepatitis C virus
PCBP2,11163645,hepatitis C-virus
PCBP2,32119874,hepatitis E virus
PCBP2,17145707,human endogenous retrovirus
PCBP2,28237978,human immunodeficiency virus
PCBP2,9712894,human papillomavirus type 16 L2
PCBP2,10606268,human rhinovirus
PCBP2,18656221,human rhinovirus
PCBP2,24418535,human rhinovirus
PCBP2,12867653,human rhinovirus type 14
PCBP2,12867653,human rhinovirus type 2
PCBP2,29327729,influenza virus
PCBP2,29327729,influenza viruses
PCBP2,23946460,murine norovirus 1
PCBP2,10606268,picornavirus
PCBP2,8855318,poliovirus
PCBP2,9223526,poliovirus
PCBP2,9257647,poliovirus
PCBP2,9326487,poliovirus
PCBP2,9811700,poliovirus
PCBP2,10606268,poliovirus
PCBP2,10608888,poliovirus
PCBP2,10954557,poliovirus
PCBP2,12414943,poliovirus
PCBP2,12867653,poliovirus
PCBP2,15247434,poliovirus
PCBP2,15858019,poliovirus
PCBP2,17183366,poliovirus
PCBP2,17581994,poliovirus
PCBP2,18252259,poliovirus
PCBP2,18656221,poliovirus
PCBP2,19446305,poliovirus
PCBP2,19945132,poliovirus
PCBP2,21779168,poliovirus
PCBP2,24357634,poliovirus
PCBP2,24371074,poliovirus
PCBP2,24418535,poliovirus
PCBP2,27387282,poliovirus
PCBP2,32556302,poliovirus
PCBP2,32768236,porcine epidemic diarrhea virus
PCBP2,21976648,porcine reproductive and respiratory syndrome virus
PCBP2,22951310,porcine reproductive and respiratory syndrome virus
PCBP2,33127640,porcine reproductive and respiratory syndrome virus
PCBP2,22438951,rabies virus
PCBP2,10606268,type I and type II picornavirus
PCBP2,7607214,vaccinia virus
PCBP2,21752917,vesicular stomatitis virus
PCBP2,23077311,vesicular stomatitis virus
PCBP2,21752917,vesicular stomatitis virus (
PRR3,17552243,IBV
PRR3,17552243,IBV strain X.
PRR3,17552243,Infectious bronchitis virus
PRR3,17552243,NIBV
PRR3,25410852,RABV
PRR3,25410852,RABV P
PRR3,25410852,RABV infection
PRR3,25410852,Rabies virus
PRR3,16110971,infectious laryngotracheitis virus
PRR3,11437656,poliovirus
PRR3,25410852,rabies virus
PRR3,25410852,rabies virus infection
PTB3,9986795,HCV
PTB3,9986795,Hepatitis C virus
PTB3,9986795,hepatitis C virus
PUF60,28993636,HBV
PUF60,31186504,HBV
PUF60,28993636,Hepatitis B Virus
PUF60,31186504,Hepatitis B virus
PUF60,33253191,adenovirus
PUF60,28993636,hepatitis B virus
PUM1,41258568,Foot-and-mouth disease virus
PUM1,37097752,HIV
PUM1,29559532,HSV-1
PUM1,41377491,Herpesvirus saimiri
PUM1,25340845,NDV
PUM1,25340845,Newcastle disease virus
PUM1,39343185,SARS-CoV-2
PUM1,40666984,SARS-CoV-2
PUM1,40956600,SARS-CoV-2
PUM1,28301252,human papillomavirus
PUM1,40956600,severe acute respiratory syndrome coronavirus 2
PUM2,27567526,Epstein-Barr virus (EBV
PUM2,41377491,Herpesvirus saimiri
PUM2,25340845,NDV
PUM2,25340845,Newcastle disease virus
PUM2,40666984,SARS-CoV-2
PUM2,40956600,SARS-CoV-2
PUM2,40956600,severe acute respiratory syndrome coronavirus 2
PUM2,27567526,tumor-associated virus
QKI,36787831,AAV
QKI,29133306,AAV9
QKI,36787831,Adeno-associated virus
QKI,29572260,DENV-4
QKI,29572260,DENV1-4
QKI,29572260,DENV2
QKI,29572260,DENV4
QKI,11741900,HIV
QKI,11741900,HIV-1
QKI,17670826,HIV-1
QKI,40632811,HIV-1
QKI,21467216,HSV-1
QKI,21467216,HSV-1 infection
QKI,21467216,Herpesvirus type 1
QKI,17670826,Human immunodeficiency virus type 1
QKI,35665659,JE virus
QKI,35665659,JEV
QKI,35665659,JEV infection
QKI,34428287,Japanese encephalitis virus
QKI,20544419,NDV
QKI,20544419,NDV infection
QKI,20544419,Newcastle disease virus
QKI,35477000,SARS-CoV-2
QKI,35477000,Severe acute respiratory syndrome coronavirus 2
QKI,29133306,adeno-associated virus serotype 9
QKI,23239230,adenovirus
QKI,29572260,dengue virus
QKI,34428287,dengue virus-2
QKI,29572260,dengue viruses
QKI,31792053,hepatitis C virus
QKI,12529443,human immunodeficiency virus
QKI,11741900,human immunodeficiency virus type 1
QKI,17670826,human immunodeficiency virus type 1
RALY,32661314,Adenovirus
RALY,9376072,Epstein Barr virus
RALY,38323828,Foot-and-mouth disease virus
RALY,35753351,Porcine epidemic diarrhea virus
RALY,35464981,Swine acute diarrhea syndrome coronavirus
RALY,38323828,foot-and-mouth disease virus
RALY,35753351,porcine epidemic diarrhea virus
RBFOX1,23236287,HBV
RBFOX1,32411801,HPV
RBFOX1,32411801,Human Papillomavirus
RBFOX1,36951969,SARS-CoV-2
RBFOX1,40149530,SARS-CoV-2
RBFOX1,35685361,TBEV
RBFOX1,35685361,Tick-borne encephalitis virus
RBFOX1,40149530,coronavirus
RBFOX1,23236287,hepatitis B virus
RBFOX2,32525024,HBV
RBFOX2,32525024,HCV
RBFOX2,32525024,Hepatitis B virus
RBFOX2,32525024,hepatitis B or/and C viruses
RBFOX2,32525024,hepatitis C virus
RBFOX3,30304977,AAV
RBFOX3,25760045,HIV
RBFOX3,25760045,HIV-1
RBFOX3,30304977,adeno-associated virus
RBFOX3,42323821,adeno-associated virus
RBM15B,40546402,Coxsackievirus B3
RBM15B,21044963,Epstein-Barr virus
RBM15B,37089388,RSV
RBM15B,37089388,Respiratory syncytial virus
RBM15B,41332646,henipavirus
RBM24,30076363,AAV9
RBM24,36464077,Ebolavirus
RBM24,33224130,Gallid alphaherpesvirus 2
RBM24,29760415,HBV
RBM24,30626666,HBV
RBM24,35041910,HBV
RBM24,29760415,HBV infection
RBM24,35041910,HBV polymerase
RBM24,29380205,HCV
RBM24,30626666,Hepatitis B virus
RBM24,36464077,Japanese encephalitis virus
RBM24,36464077,MERS-CoV
RBM24,33224130,Marek's Disease Virus
RBM24,33224130,Marek's disease virus serotype 1
RBM24,36464077,SARS-CoV
RBM24,36464077,SARS-CoV-2
RBM24,36464077,West Nile virus
RBM24,36464077,Zika virus
RBM24,30076363,adeno-associated viruses
RBM24,33224130,alpha-herpesvirus
RBM24,36464077,betacoronavirus
RBM24,36464077,coronaviruses
RBM24,29760415,hepatitis B virus
RBM24,30626666,hepatitis B virus
RBM24,29380205,hepatitis C virus
RBM24,36464077,hepatitis C virus
RBM24,36464077,human immunodeficiency virus-1
RBM24,36464077,rhinovirus
RBM24,36464077,yellow fever virus
RBM25,40412480,HBV
RBM25,31039132,HPV
RBM25,31039132,HPV infection
RBM25,31039132,Human papillomavirus
RBM25,40412480,hepatitis B virus
RBM3,23589756,HBV
RBM3,25561795,HCV
RBM3,15052637,HIV-l
RBM3,17079134,HPV
RBM3,17079134,HPVs
RBM3,17079134,Human papillomaviruses
RBM3,11546759,Vaccinia virus
RBM3,40257581,adeno-associated virus
RBM3,25561795,encephalomyocarditis virus
RBM3,23589756,hepatitis B virus
RBM3,25561795,hepatitis C virus
RBM3,11546759,poxvirus
RBM3,38183802,rhinovirus
RBM3,15518812,vaccinia virus
RBM38,35041910,HBV
RBM38,35041910,HBV polymerase
RBM38,29437973,Human parvovirus B19
RBM38,29437973,Parvovirus B19
RBM4,38164794,EBOV
RBM4,34530456,EBV
RBM4,38164794,Ebola virus
RBM4,34530456,Epstein-Barr virus
RBM4,38164794,ebolavirus
RBM4,33020268,human endogenous retroviruses
RBM4,33020268,retroviral
RBM4,32784011,white spot syndrome virus
RBM45,32156816,Human parvovirus B19
RBM45,32156816,Parvovirus B19
RBM45,32156816,human parvovirus B19
RBM5,32352217,HDV
RBM5,32352217,HDV-infected
RBM5,22162216,HIV-1
RBM5,32352217,Hepatitis delta virus
RBM8A,30833725,WNV
RBM8A,30833725,WNV infection
RBM8A,30833725,West Nile virus
RBM8A,30833725,Zika virus
RBM8A,30833725,dengue
RBM8A,30833725,dengue virus
RBMS1,25037273,EBV
RBMS1,25037273,Epstein-Barr virus
RBMS3,40820584,adeno-associated virus
RC3H1,34800203,Human T-cell leukemia virus 1 infection
RC3H1,40287742,IAV
RC3H1,40287742,Influenza A virus
RC3H1,34176764,SARS-CoV
RC3H1,34176764,SARS-CoV-2
RC3H1,34176764,severe acute respiratory syndrome coronavirus
SAMD4A,32341522,HBV
SAMD4A,32341522,human hepatitis B virus
SF1,28695276,Aureusvirus
SF1,19308314,Bidens mottle virus
SF1,15597207,Brome mosaic virus
SF1,24407286,CHIKV
SF1,24407286,Chikungunya virus
SF1,16912294,Chilo iridescent virus
SF1,16912294,Chloriridovirus
SF1,28487787,EBV
SF1,30832682,EBV
SF1,33065880,EBV
SF1,10964778,EIAV
SF1,27666477,Enterovirus 71
SF1,28487787,Epstein-Barr virus
SF1,30832682,Epstein-Barr virus
SF1,33065880,Epstein-Barr virus
SF1,10964778,Equine infectious anemia virus
SF1,31412705,H9N2 viruses
SF1,14515208,HBV
SF1,9541392,HCV
SF1,20071563,HEV
SF1,11420046,HIV
SF1,23153325,HIV
SF1,8849451,HIV-1
SF1,9649438,HIV-1
SF1,9765201,HIV-1
SF1,10393184,HIV-1
SF1,10913173,HIV-1
SF1,10964778,HIV-1
SF1,11725097,HIV-1
SF1,11780068,HIV-1
SF1,15564463,HIV-1
SF1,15905670,HIV-1
SF1,19479034,HIV-1
SF1,19966273,HIV-1
SF1,21282347,HIV-1
SF1,23153325,HIV-1
SF1,23785196,HIV-1
SF1,32016635,HIV-1
SF1,7819534,HSV-1
SF1,20071563,Hepatitis E virus
SF1,20071563,Hepevirus
SF1,7819534,Herpes simplex virus 1
SF1,32016635,Human immunodeficiency virus type 1
SF1,36410685,Human papilloma virus
SF1,31412705,IBV
SF1,31412705,IBV gammaCoV
SF1,31412705,Infectious bronchitis virus
SF1,10494961,Influenza A virus
SF1,17991777,Influenza virus
SF1,17991777,Influenza viruses
SF1,16912294,Invertebrate iridescent virus type 3
SF1,31412705,LPAI virus A
SF1,16912294,Lymphocystivirus
SF1,2437326,MLV
SF1,16912294,Megalocytivirus
SF1,28651017,Middle East respiratory syndrome coronavirus
SF1,7789992,Moloney murine leukemia virus
SF1,6208550,Moloney murine leukemia virus
SF1,10917600,RNA virus
SF1,11000230,RNA virus
SF1,6205504,RSV-SF1
SF1,16912294,Ranavirus
SF1,2437326,Retroviral
SF1,9886819,Rous sarcoma virus
SF1,28257628,S. flavovirens
SF1,34328740,SARS-CoV-1
SF1,34328740,SARS-CoV-2
SF1,39063172,SARS-CoV-2
SF1,40088274,SARS-CoV-2
SF1,40496014,SARS-CoV-2
SF1,11725097,SIV
SF1,11725097,Simian Immunodeficiency Virus
SF1,28257628,Streptomyces flavovirens
SF1,10224268,Theiler's virus
SF1,28695276,Tombusvirus
SF1,28695276,Zeavirus
SF1,41254097,Zucchini yellow mosaic virus
SF1,28257628,actinophages
SF1,40036073,adeno-associated virus
SF1,40060388,adeno-associated virus
SF1,18566117,adenovirus
SF1,20133449,adenoviruses
SF1,11000230,arterivirus
SF1,31412705,avian influenza
SF1,40184370,avian influenza virus
SF1,31412705,avian influenza virus H9N2
SF1,39441988,bacteriophage
SF1,12441398,bacteriophage phiX174
SF1,22100308,bacteriophages
SF1,33065880,bacteriophages
SF1,1447172,baculovirus
SF1,24407286,chikungunya virus non-structural protein 2
SF1,11000230,coronavirus
SF1,28651017,coronavirus
SF1,11000230,equine arteritis virus
SF1,10964778,equine infectious anemia virus
SF1,28166800,foamy virus
SF1,14515208,hepatitis B virus
SF1,9541392,hepatitis C virus
SF1,17558417,hepatitis C virus
SF1,20071563,hepatitis E virus
SF1,6208550,herpes simplex virus
SF1,11278618,herpes simplex virus type 1
SF1,33065880,herpesvirus
SF1,10917600,human coronavirus 229E
SF1,10917600,human coronavirus 229E superfamily 1
SF1,9710584,human immunodeficiency virus
SF1,9649438,human immunodeficiency virus type 1
SF1,9765201,human immunodeficiency virus type 1
SF1,10454543,human immunodeficiency virus type 1
SF1,10913173,human immunodeficiency virus type 1
SF1,10964778,human immunodeficiency virus type 1
SF1,11438677,human immunodeficiency virus type 1
SF1,15485897,human immunodeficiency virus type 1
SF1,15564463,human immunodeficiency virus type 1
SF1,23785196,human immunodeficiency virus type 1
SF1,11780068,human immunodeficiency virus-1
SF1,8849451,human immunodeficiency virus-type 1
SF1,31412705,infectious bronchitis virus
SF1,10494961,influenza A virus
SF1,10217593,influenza A viruses
SF1,10494961,influenza A viruses
SF1,10217593,influenza virus
SF1,17991777,influenza virus
SF1,16912294,invertebrate iridescent virus type 3
SF1,191259,mammary tumor virus
SF1,16912294,mosquito iridescent virus
SF1,11553261,murine leukemia virus
SF1,2437326,murine leukemia virus
SF1,6208550,murine leukemia virus
SF1,19308314,potyvirus
SF1,2437326,retroviral
SF1,28695276,rice virus A
SF1,1501272,simian immunodeficiency virus
SF1,11725097,simian immunodeficiency virus
SF1,15666850,simian virus 40
SF1,16439455,simian virus 40
SF1,41254097,zucchini yellow mosaic virus
SF3B1,26244496,AAV
SF3B1,34645977,AAV
SF3B1,36182931,AAV
SF3B1,26244496,Adeno-associated Viruses
SF3B1,26244496,Adeno-associated viruses
SF3B1,35666668,EBV
SF3B1,32552682,HBV
SF3B1,30401776,HIV
SF3B1,25139387,HPV16
SF3B1,25139387,HPV16 E6
SF3B1,33597212,KSHV
SF3B1,33597212,Kaposi's Sarcoma-Associated Herpesvirus
SF3B1,33597212,Kaposi's sarcoma-associated herpesvirus
SF3B1,26562302,Kirsten rat sarcoma viral oncogene homolog
SF3B1,26244496,adenoviruses
SF3B1,32552682,hepatitis B virus
SF3B1,29296692,myeloproliferative leukemia virus oncogene
SFPQ,22114566,Adenovirus
SFPQ,26951683,EBV
SFPQ,41222990,Enterovirus 71
SFPQ,26951683,Epstein-Barr virus
SFPQ,38755141,Epstein-Barr virus
SFPQ,31186504,HBV
SFPQ,29846681,HIV
SFPQ,38373651,HIV
SFPQ,38373651,HIV-1
SFPQ,39214388,HSV-1
SFPQ,42198755,HSV-1
SFPQ,35216000,HTLV-1
SFPQ,28202761,Hantaan virus
SFPQ,31186504,Hepatitis B virus
SFPQ,42198755,Herpes Simplex Virus 1
SFPQ,39214388,KSHV
SFPQ,42033727,KSHV
SFPQ,39214388,Kaposi's Sarcoma-associated herpesvirus
SFPQ,38755141,Kaposi's sarcoma-associated herpesvirus
SFPQ,39214388,Kaposi's sarcoma-associated herpesvirus
SFPQ,42033727,Kaposi's sarcoma-associated herpesvirus
SFPQ,35998361,Murine Virus-like 30S Transcript-1
SFPQ,31363026,Retrovirus
SFPQ,35477000,SARS-CoV-2
SFPQ,40259455,SARS-CoV-2
SFPQ,35477000,Severe acute respiratory syndrome coronavirus 2
SFPQ,36617674,Sindbis virus
SFPQ,22114566,VSV
SFPQ,40671792,ZIKV
SFPQ,39949834,adeno-associated virus
SFPQ,30661786,encephalomyocarditis virus
SFPQ,40671792,flavivirus
SFPQ,35216000,human T-cell leukemia virus type 1
SFPQ,30142213,human rhinovirus
SFPQ,22114566,influenza A virus
SFPQ,22114566,influenza virus
SFPQ,24507715,influenza virus
SFPQ,35998361,murine virus-like 30S transcript-1
SFPQ,30142213,picornavirus
SFPQ,30142213,poliovirus
SFPQ,30142213,rhinovirus
SNRNP70,40082995,HCV
SNRNP70,41395796,IAV
SNRNP70,41395796,Influenza A Virus
SNRNP70,40082995,hepatitis C virus
SNRNP70,34541469,influenza A
SNRNP70,41395796,influenza A virus
SRSF1,33981019,AAV5
SRSF1,24244166,Adenovirus
SRSF1,33299552,Dengue
SRSF1,35024245,HBV
SRSF1,30131116,HIV
SRSF1,25416801,HIV-1
SRSF1,25779589,HIV-1
SRSF1,25855733,HIV-1
SRSF1,26115946,HIV-1
SRSF1,26305984,HIV-1
SRSF1,27257867,HIV-1
SRSF1,27928057,HIV-1
SRSF1,33299552,HIV-1
SRSF1,36458014,HIV-1
SRSF1,26115946,HIV-1 infection
SRSF1,25717103,HPV
SRSF1,26962216,HPV
SRSF1,32182205,HPV
SRSF1,32182205,HPV infection
SRSF1,26962216,HPV type 16
SRSF1,32182205,HPV-infected
SRSF1,25717103,HPV16
SRSF1,25878250,HPV16
SRSF1,26962216,HPV16
SRSF1,34860285,HPV16
SRSF1,25878250,HPV16 L1
SRSF1,34860285,HPV16 L1
SRSF1,26962216,HPV31
SRSF1,32182205,HPVs
SRSF1,25717103,HR-HPV
SRSF1,31641093,HSV-1
SRSF1,41886495,Herpesvirus
SRSF1,25717103,Human Papillomavirus 16
SRSF1,26962216,Human Papillomavirus E2
SRSF1,25878250,Human Papillomavirus Type 16
SRSF1,26962216,Human papillomavirus
SRSF1,25717103,Human papillomavirus 16
SRSF1,32182205,Human papillomavirus type 16 infection
SRSF1,26596376,Human polyomavirus JCV
SRSF1,33299552,Influenza A
SRSF1,26596376,JC virus
SRSF1,26951564,JC virus
SRSF1,27257867,JC virus
SRSF1,41886495,Kaposi's sarcoma-associated herpesvirus
SRSF1,34930105,SARS-CoV-2
SRSF1,35751199,SARS-CoV-2
SRSF1,37047484,SARS-CoV-2
SRSF1,33981019,adeno-associated virus 5
SRSF1,24244166,adenovirus
SRSF1,25038189,adenovirus
SRSF1,34930105,coronavirus
SRSF1,35024245,hepatitis B virus
SRSF1,35024245,hepatitis B virus S antigen
SRSF1,25779589,human immunodeficiency virus 1
SRSF1,26962216,human papillomavirus
SRSF1,25878250,human papillomavirus type 16
SRSF1,34860285,human papillomavirus type 16
SRSF1,25717103,human papillomaviruses
SRSF1,32182205,human papillomaviruses
SRSF1,27257867,human polyomavirus
SRSF1,33299552,influenza A
SRSF1,35704758,influenza virus M
SRSF1,33299552,riboviruses
SRSF1,35751199,severe acute respiratory syndrome coronavirus 2
SRSF10,27928057,HIV-1
SRSF10,28446664,HIV-1
SRSF10,33180834,Hepatitis B virus Core protein
SRSF10,28592530,KSHV
SRSF10,28592530,Kaposi's sarcoma-associated herpesvirus
SRSF10,32574681,avian influenza virus
SRSF10,29429992,human papillomavirus
SRSF2,32125263,AHSV
SRSF2,32125263,African horse sickness virus
SRSF2,27353473,Epstein-Barr virus
SRSF2,33621634,HBV
SRSF2,25889056,HIV
SRSF2,26534959,HIV
SRSF2,29610341,HIV
SRSF2,22749061,HIV-1
SRSF2,25779589,HIV-1
SRSF2,25889056,HIV-1
SRSF2,26534959,HIV-1
SRSF2,25717103,HPV
SRSF2,26962216,HPV
SRSF2,26962216,HPV type 16
SRSF2,25717103,HPV16
SRSF2,26962216,HPV16
SRSF2,26962216,HPV31
SRSF2,25717103,HR-HPV
SRSF2,26257065,HSV-1
SRSF2,27784784,HSV-1
SRSF2,30950329,HSV-1
SRSF2,34675360,HSV-1
SRSF2,30950329,HSV-1 infection
SRSF2,27784784,Herpes Simplex Virus Type 1
SRSF2,25717103,Human Papillomavirus 16
SRSF2,26962216,Human Papillomavirus E2
SRSF2,26962216,Human papillomavirus
SRSF2,25717103,Human papillomavirus 16
SRSF2,32854341,KSHV
SRSF2,32854341,Kaposi's sarcoma associated herpesvirus
SRSF2,26562302,Kirsten rat sarcoma viral oncogene homolog
SRSF2,35581286,Pseudorabies virus
SRSF2,28077658,Reovirus
SRSF2,29610341,Semliki Forest virus
SRSF2,29610341,adenovirus
SRSF2,29610341,herpes simplex virus
SRSF2,34675360,herpes simplex virus 1
SRSF2,27784784,herpes simplex virus type 1
SRSF2,26257065,human herpes simplex virus type 1
SRSF2,25779589,human immunodeficiency virus 1
SRSF2,26962216,human papillomavirus
SRSF2,25717103,human papillomaviruses
SRSF2,29610341,influenza virus
SRSF2,29296692,myeloproliferative leukemia virus oncogene
SRSF2,28077658,reovirus
SRSF2,28077658,reoviruses
SRSF2,29610341,vaccinia virus
SRSF4,38396760,EBV
SRSF4,38396760,Epstein-Barr-virus
SRSF4,32083129,PRRSV
SRSF4,32083129,PRRSV infection
SRSF4,39973750,adeno-associated virus
SRSF4,40522993,enterovirus A71
SRSF4,32083129,porcine reproductive and respiratory syndrome virus
SRSF5,33536540,Aleutian mink disease virus
SRSF5,33536540,Aleutian mink disease virus infection
SRSF5,25779589,HIV-1
SRSF5,40654762,HIV-1
SRSF5,41926539,HIV-1
SRSF5,36257906,IAV
SRSF5,40522993,enterovirus A71
SRSF5,25779589,human immunodeficiency virus 1
SRSF5,36257906,influenza A virus
SRSF7,40343745,Hepatitis B virus
SRSF7,37059927,SARS-CoV-2
SRSF7,42217722,adeno-associated virus
SRSF7,40729809,avian leukosis virus subgroup J
SRSF8,41949651,EBV
SRSF8,41949651,Epstein-Barr virus
SRSF9,36330710,HIV-1
SRSF9,25878250,HPV16
SRSF9,34860285,HPV16
SRSF9,25878250,HPV16 L1
SRSF9,34860285,HPV16 L1
SRSF9,25878250,Human Papillomavirus Type 16
SRSF9,36330710,human immunodeficiency virus-1
SRSF9,25878250,human papillomavirus type 16
SRSF9,34860285,human papillomavirus type 16
TAF15,37183512,AAV
TAF15,36936942,Human papilloma virus (HPV)-
TAF15,37183512,adeno-associated virus
TAF15,36529289,adeno-associated viruses
TARDBP,30290707,AAV
TARDBP,42377003,Adeno-associated virus
TARDBP,31186504,HBV
TARDBP,35663023,HBV
TARDBP,35682862,HIV-1
TARDBP,37108826,HIV-1
TARDBP,35682862,HIV-1 Infection
TARDBP,35682862,HIV-1 infection
TARDBP,31186504,Hepatitis B virus
TARDBP,32024922,Hepatitis B virus
TARDBP,35667216,Sendai virus
TARDBP,32422351,ZIKV
TARDBP,30290707,adeno-associated virus
TARDBP,40073109,grass carp reovirus
TARDBP,35663023,hepatitis B virus
TARDBP,35499322,porcine epidemic diarrhea virus
TARDBP,36861818,porcine epidemic diarrhea virus
TIA1,17507471,AAV
TIA1,17507471,AAV5
TIA1,17507471,AAV5 infection
TIA1,17507471,Adeno-associated virus type 5
TIA1,19933264,Adenovirus VA
TIA1,19933264,Adenovirus virus
TIA1,40548742,Arteriviridae
TIA1,39066190,CHPV
TIA1,38973067,CMV
TIA1,39066190,Chandipura Virus
TIA1,39066190,Chandipura virus
TIA1,21106737,CrPV viral
TIA1,29487587,Cricket paralysis virus
TIA1,26350772,DENV
TIA1,26350772,DENV type 2
TIA1,26350772,DENV2
TIA1,26350772,DENV3
TIA1,26134849,DNA viruses
TIA1,26350772,Dengue virus infection
TIA1,34078048,EB virus
TIA1,20078970,EB virus
TIA1,10834545,EB virus-encoded RNA-1
TIA1,12931565,EB-virus
TIA1,25143680,EBV
TIA1,25400806,EBV
TIA1,26056791,EBV
TIA1,27564014,EBV
TIA1,29067721,EBV
TIA1,29615001,EBV
TIA1,30900209,EBV
TIA1,31371036,EBV
TIA1,33402163,EBV
TIA1,34078048,EBV
TIA1,36960391,EBV
TIA1,38520011,EBV
TIA1,38973067,EBV
TIA1,40220963,EBV
TIA1,40921667,EBV
TIA1,41391975,EBV
TIA1,42236239,EBV
TIA1,16232331,EBV
TIA1,16261379,EBV
TIA1,16775124,EBV
TIA1,17230578,EBV
TIA1,18677385,EBV
TIA1,18701406,EBV
TIA1,19575894,EBV
TIA1,21134987,EBV
TIA1,21215094,EBV
TIA1,21228932,EBV
TIA1,21615995,EBV
TIA1,21867533,EBV
TIA1,22025264,EBV
TIA1,22177246,EBV
TIA1,22243776,EBV
TIA1,22898854,EBV
TIA1,22919423,EBV
TIA1,23087805,EBV
TIA1,23302373,EBV
TIA1,23735590,EBV
TIA1,23998592,EBV
TIA1,24470671,EBV
TIA1,9108417,EBV
TIA1,9359478,EBV
TIA1,9473239,EBV
TIA1,9568514,EBV
TIA1,9589484,EBV
TIA1,9602709,EBV
TIA1,9669350,EBV
TIA1,9720504,EBV
TIA1,9858215,EBV
TIA1,9934580,EBV
TIA1,10227719,EBV
TIA1,10338081,EBV
TIA1,10362131,EBV
TIA1,10404082,EBV
TIA1,10414505,EBV
TIA1,10436303,EBV
TIA1,10524519,EBV
TIA1,10526003,EBV
TIA1,10599306,EBV
TIA1,10605698,EBV
TIA1,10887104,EBV
TIA1,10905059,EBV
TIA1,10918215,EBV
TIA1,11035585,EBV
TIA1,11075852,EBV
TIA1,11113865,EBV
TIA1,11260307,EBV
TIA1,11391627,EBV
TIA1,11553311,EBV
TIA1,11956825,EBV
TIA1,12076255,EBV
TIA1,12207783,EBV
TIA1,12673566,EBV
TIA1,12768754,EBV
TIA1,12956685,EBV
TIA1,14569739,EBV
TIA1,14631361,EBV
TIA1,14690577,EBV
TIA1,15139996,EBV
TIA1,15168777,EBV
TIA1,15494863,EBV
TIA1,29084250,EBV EB2
TIA1,28056296,EBV encoded small RNA
TIA1,23098105,EBV latent membrane protein-1
TIA1,16232331,EBV latent membrane proteins
TIA1,11866900,EBV-EBER1/2
TIA1,23098105,EBVLMP1
TIA1,26363455,Enterovirus 71
TIA1,30006004,Enterovirus 71
TIA1,31941779,Enterovirus D68
TIA1,16236613,Epstein - Barr virus
TIA1,31371036,Epstein Barr virus
TIA1,21215094,Epstein Barr virus
TIA1,22641357,Epstein Barr virus
TIA1,11260307,Epstein--Barr virus
TIA1,10861822,Epstein-Barr (EB) virus
TIA1,11892019,Epstein-Barr viral
TIA1,25143680,Epstein-Barr virus
TIA1,25224191,Epstein-Barr virus
TIA1,25400806,Epstein-Barr virus
TIA1,25407448,Epstein-Barr virus
TIA1,26056791,Epstein-Barr virus
TIA1,26261101,Epstein-Barr virus
TIA1,26879428,Epstein-Barr virus
TIA1,27564014,Epstein-Barr virus
TIA1,29063643,Epstein-Barr virus
TIA1,29067721,Epstein-Barr virus
TIA1,29615001,Epstein-Barr virus
TIA1,30144614,Epstein-Barr virus
TIA1,30900209,Epstein-Barr virus
TIA1,33054767,Epstein-Barr virus
TIA1,33402163,Epstein-Barr virus
TIA1,34622970,Epstein-Barr virus
TIA1,35346113,Epstein-Barr virus
TIA1,35359038,Epstein-Barr virus
TIA1,35984488,Epstein-Barr virus
TIA1,36207916,Epstein-Barr virus
TIA1,36617904,Epstein-Barr virus
TIA1,38520011,Epstein-Barr virus
TIA1,38967898,Epstein-Barr virus
TIA1,38973067,Epstein-Barr virus
TIA1,40220963,Epstein-Barr virus
TIA1,40532089,Epstein-Barr virus
TIA1,40921667,Epstein-Barr virus
TIA1,41391975,Epstein-Barr virus
TIA1,42130625,Epstein-Barr virus
TIA1,42236239,Epstein-Barr virus
TIA1,16160469,Epstein-Barr virus
TIA1,16185292,Epstein-Barr virus
TIA1,16189700,Epstein-Barr virus
TIA1,16232331,Epstein-Barr virus
TIA1,16261379,Epstein-Barr virus
TIA1,16625103,Epstein-Barr virus
TIA1,16775124,Epstein-Barr virus
TIA1,16954517,Epstein-Barr virus
TIA1,17230578,Epstein-Barr virus
TIA1,17910721,Epstein-Barr virus
TIA1,18677385,Epstein-Barr virus
TIA1,18701406,Epstein-Barr virus
TIA1,19126565,Epstein-Barr virus
TIA1,20079014,Epstein-Barr virus
TIA1,20403036,Epstein-Barr virus
TIA1,20495447,Epstein-Barr virus
TIA1,20512458,Epstein-Barr virus
TIA1,20966166,Epstein-Barr virus
TIA1,21134987,Epstein-Barr virus
TIA1,21215094,Epstein-Barr virus
TIA1,21228932,Epstein-Barr virus
TIA1,21615995,Epstein-Barr virus
TIA1,21883363,Epstein-Barr virus
TIA1,21909203,Epstein-Barr virus
TIA1,21921780,Epstein-Barr virus
TIA1,22025264,Epstein-Barr virus
TIA1,22175898,Epstein-Barr virus
TIA1,22177246,Epstein-Barr virus
TIA1,22243776,Epstein-Barr virus
TIA1,22919423,Epstein-Barr virus
TIA1,23073324,Epstein-Barr virus
TIA1,23073330,Epstein-Barr virus
TIA1,23087805,Epstein-Barr virus
TIA1,23098105,Epstein-Barr virus
TIA1,23279449,Epstein-Barr virus
TIA1,23302373,Epstein-Barr virus
TIA1,23348211,Epstein-Barr virus
TIA1,23495765,Epstein-Barr virus
TIA1,23557559,Epstein-Barr virus
TIA1,23735590,Epstein-Barr virus
TIA1,23998592,Epstein-Barr virus
TIA1,24332333,Epstein-Barr virus
TIA1,24439229,Epstein-Barr virus
TIA1,24470671,Epstein-Barr virus
TIA1,26181731,Epstein-Barr virus
TIA1,9108417,Epstein-Barr virus
TIA1,9359478,Epstein-Barr virus
TIA1,9416485,Epstein-Barr virus
TIA1,9473239,Epstein-Barr virus
TIA1,9568514,Epstein-Barr virus
TIA1,9589484,Epstein-Barr virus
TIA1,9602709,Epstein-Barr virus
TIA1,9720504,Epstein-Barr virus
TIA1,9858215,Epstein-Barr virus
TIA1,9934580,Epstein-Barr virus
TIA1,9949180,Epstein-Barr virus
TIA1,10227719,Epstein-Barr virus
TIA1,10338081,Epstein-Barr virus
TIA1,10362131,Epstein-Barr virus
TIA1,10404082,Epstein-Barr virus
TIA1,10414505,Epstein-Barr virus
TIA1,10436303,Epstein-Barr virus
TIA1,10497849,Epstein-Barr virus
TIA1,10524519,Epstein-Barr virus
TIA1,10526003,Epstein-Barr virus
TIA1,10599306,Epstein-Barr virus
TIA1,10672057,Epstein-Barr virus
TIA1,10761449,Epstein-Barr virus
TIA1,10887104,Epstein-Barr virus
TIA1,10905059,Epstein-Barr virus
TIA1,10918215,Epstein-Barr virus
TIA1,11035585,Epstein-Barr virus
TIA1,11075852,Epstein-Barr virus
TIA1,11113865,Epstein-Barr virus
TIA1,11117783,Epstein-Barr virus
TIA1,11201151,Epstein-Barr virus
TIA1,11391627,Epstein-Barr virus
TIA1,11420457,Epstein-Barr virus
TIA1,11553311,Epstein-Barr virus
TIA1,11579501,Epstein-Barr virus
TIA1,11841384,Epstein-Barr virus
TIA1,11956825,Epstein-Barr virus
TIA1,12076255,Epstein-Barr virus
TIA1,12207783,Epstein-Barr virus
TIA1,12956685,Epstein-Barr virus
TIA1,14569739,Epstein-Barr virus
TIA1,14631361,Epstein-Barr virus
TIA1,14690577,Epstein-Barr virus
TIA1,14991542,Epstein-Barr virus
TIA1,15067546,Epstein-Barr virus
TIA1,15139996,Epstein-Barr virus
TIA1,15168777,Epstein-Barr virus
TIA1,15330177,Epstein-Barr virus
TIA1,15494863,Epstein-Barr virus
TIA1,15533224,Epstein-Barr virus
TIA1,8943863,Epstein-Barr virus
TIA1,18473605,Epstein-Barr virus (
TIA1,16075983,Epstin-Barr virus
TIA1,24696465,Flaviviruses
TIA1,30944179,Flaviviruses
TIA1,18753794,HBV
TIA1,23735590,HBV
TIA1,29487587,HCV
TIA1,22855484,HCV
TIA1,38973067,HHV-2
TIA1,38973067,HHV-6
TIA1,38973067,HHV-7
TIA1,38973067,HHV-8
TIA1,22919423,HHV-8
TIA1,15875183,HIV
TIA1,15905189,HIV
TIA1,21574977,HIV
TIA1,22243776,HIV
TIA1,7499875,HIV
TIA1,8506945,HIV
TIA1,8805867,HIV
TIA1,11106081,HIV-
TIA1,15905189,HIV-1
TIA1,9500797,HIV-1
TIA1,14645006,HIV-1
TIA1,7778692,HIV-1
TIA1,8011246,HIV-1
TIA1,8506945,HIV-1
TIA1,15905189,HIV-1 infection
TIA1,9374383,HPV
TIA1,22425557,HPV-16
TIA1,25762736,HSV
TIA1,29084250,HSV-1
TIA1,29793959,HSV-1
TIA1,36203181,HSV-1 infection
TIA1,22623775,HSV-2
TIA1,26078739,HTLV-1
TIA1,10599307,HTLV-1
TIA1,11956825,HTLV-1
TIA1,12405910,HTLV-1
TIA1,12956685,HTLV-1
TIA1,14616963,HTLV-1
TIA1,9209306,HTLV-1
TIA1,14616963,HTLV-1 infection
TIA1,12956685,HTLV-1) infection
TIA1,11226523,HTLV-I
TIA1,14616963,HTLV-I
TIA1,7964902,HTLV-I
TIA1,29487587,Hepatitis C Virus
TIA1,22855484,Hepatitis C virus
TIA1,15280467,Herpes simplex virus 1
TIA1,25762736,Herpes simplex viruses
TIA1,26078739,Human T-Cell Lymphotropic Virus Type 1
TIA1,12100517,Human T-cell leukemia virus type 1 (
TIA1,26078739,Human T-cell lymphotropic virus type 1
TIA1,14616963,Human T-lymphotropic virus type I
TIA1,31941779,Human enterovirus D68
TIA1,22243776,Human immunodeficiency virus
TIA1,35638780,IBV
TIA1,35638780,IBV infection
TIA1,35638780,Infectious Bronchitis Virus
TIA1,35638780,Infectious bronchitis virus
TIA1,29084250,KSHV
TIA1,29084250,Kaposi's sarcoma-associated herpesvirus
TIA1,28011649,NDV
TIA1,20544419,NDV
TIA1,28011649,NDV infection
TIA1,20544419,NDV infection
TIA1,28011649,Newcastle disease virus
TIA1,35638780,Newcastle disease virus
TIA1,20544419,Newcastle disease virus
TIA1,28421170,PRRSV
TIA1,26610553,Poliovirus
TIA1,21957303,Poliovirus
TIA1,24066065,Poliovirus 2A protease
TIA1,23830997,Poliovirus infection
TIA1,24066065,Poliovirus protease 2A
TIA1,35859736,Porcine epidemic diarrhea virus
TIA1,28421170,Porcine reproductive and respiratory syndrome virus
TIA1,27749929,RABV
TIA1,27749929,RABV infection
TIA1,21994324,Rubella virus
TIA1,36394332,SARS-CoV-2
TIA1,37349329,SARS-CoV-2
TIA1,41407513,SARS-CoV-2
TIA1,17612589,SIV
TIA1,7499875,SIV
TIA1,9949180,SIVsm
TIA1,33133097,Seneca Valley Virus 3C
TIA1,33133097,Seneca Valley virus
TIA1,41407513,Severe acute respiratory syndrome coronavirus 2
TIA1,40548742,Simian hemorrhagic fever virus
TIA1,31905741,Sindbis Virus
TIA1,31905741,Sindbis virus
TIA1,22654438,T-lymphotropic virus-1
TIA1,24696465,TBEV
TIA1,24696465,TBEV infection
TIA1,21411518,TGEV
TIA1,24696465,Tick-borne encephalitis virus
TIA1,32605035,Tula Orthohantavirus
TIA1,32605035,Tula virus
TIA1,34110282,VSV
TIA1,23077311,VSV
TIA1,23843646,VSV
TIA1,16112347,VZV
TIA1,16112347,VZV skin lesions
TIA1,27639281,Vaccinia virus
TIA1,21147913,Vaccinia virus
TIA1,34110282,Vesicular stomatitis virus
TIA1,18768985,WNV
TIA1,12414941,WNV
TIA1,18768985,WNV3
TIA1,17502609,West Nile virus
TIA1,18768985,West Nile virus
TIA1,12414941,West Nile virus
TIA1,34715578,White Spot Syndrome Virus
TIA1,28592527,ZIKV
TIA1,28592527,ZIKV infection
TIA1,30944179,ZIKV infection
TIA1,30944179,ZIKV) infection
TIA1,28592527,Zika Virus
TIA1,30944179,Zika Virus
TIA1,28592527,Zika virus
TIA1,30944179,Zika virus (
TIA1,42167371,adeno-associated virus
TIA1,19933264,adenovirus
TIA1,11368448,adenovirus
TIA1,30404792,aphthoviruses
TIA1,20130820,bacteriophage MS2
TIA1,20130820,bacteriophage PP7
TIA1,35638780,coronavirus
TIA1,21411518,coronavirus
TIA1,21106737,cricket paralysis virus
TIA1,38973067,cytomegalovirus
TIA1,16412060,dengue
TIA1,26350772,dengue virus
TIA1,17502609,dengue virus
TIA1,18768985,dengue virus
TIA1,26350772,dengue virus infection
TIA1,16412060,dengue virus infection
TIA1,21106737,dicistrovirus infection
TIA1,29487587,encephalomyocarditis virus
TIA1,30404792,encephalomyocarditis virus
TIA1,38973067,enterovirus
TIA1,26363455,enterovirus 71
TIA1,27342503,epstein-barr (EB) virus
TIA1,18473605,epstein-barr virus
TIA1,30404792,equine rhinitis A virus
TIA1,24696465,flavivirus
TIA1,28592527,flavivirus
TIA1,17502609,flavivirus
TIA1,30404792,foot-and-mouth disease virus
TIA1,35638780,gamma-coronavirus
TIA1,25783000,grass carp reovirus
TIA1,26208752,grass carp reovirus
TIA1,25783000,grass carp reovirus infection
TIA1,26208752,grass carp reovirus infection
TIA1,32605035,hantavirus
TIA1,18753794,hepatitis B virus
TIA1,29487587,hepatitis C virus
TIA1,22855484,hepatitis C virus
TIA1,29793959,herpes simplex virus 1
TIA1,22623775,herpes simplex virus 2
TIA1,10599307,human T-cell leukaemia virus type 1
TIA1,11226523,human T-cell leukemia virus type-I
TIA1,12956685,human T-cell leukemia/lymphoma virus type-1
TIA1,12956685,human T-cell leukemia/lymphoma virus type-1 (
TIA1,12405910,human T-cell lymphotrophic virus type 1
TIA1,11956825,human T-cell lymphotropic virus type 1
TIA1,14979477,human T-lymphotropic virus
TIA1,22919423,human herpes virus-8
TIA1,35984488,human herpesvirus 8
TIA1,20512458,human immunodeficiency virus
TIA1,21574977,human immunodeficiency virus
TIA1,9777943,human immunodeficiency virus
TIA1,8506945,human immunodeficiency virus
TIA1,7778692,human immunodeficiency virus 1
TIA1,8506945,human immunodeficiency virus-1-infected
TIA1,9374383,human papillomavirus
TIA1,15268707,human parvovirus B19
TIA1,38973067,parvovirus B19
TIA1,15268707,parvovirus B19
TIA1,20106928,poliovirus
TIA1,21957303,poliovirus
TIA1,23830997,poliovirus
TIA1,26610553,poliovirus (
TIA1,24066065,poliovirus 2A
TIA1,18005751,poliovirus 3C proteinase
TIA1,18005751,poliovirus infection
TIA1,11349723,polyoma virus
TIA1,27749929,rabies virus
TIA1,35085738,red-spotted grouper nervous necrosis virus
TIA1,36394332,severe acute respiratory syndrome coronavirus 2
TIA1,40548742,simian hemorrhagic fever virus
TIA1,17612589,simian immunodeficiency virus
TIA1,9949180,simian immunodeficiency virus
TIA1,7499875,simian immunodeficiency virus
TIA1,9777943,simian immunodeficiency viruses
TIA1,22898854,systemic EB virus
TIA1,24696465,tick-borne encephalitis virus
TIA1,21411518,transmissible gastroenteritis coronavirus
TIA1,30641480,vaccinia virus infection
TIA1,16112347,varicella-zoster virus
TIA1,23077311,vesicular stomatitis virus
TIA1,23843646,vesicular stomatitis virus
TIA1,26610553,viral
TIA1,12414941,viral
TRA2A,42362526,HIV-1
TRA2A,32596447,IAV
TRA2A,32596447,IAVs
TRA2A,32596447,PR8/H1N1 virus
TRA2A,32596447,avian influenza A viruses
TRA2A,32596447,avian influenza virus
TRA2A,32596447,influenza A virus
TUT1,3025059,Herpes simplex virus
U2AF2,28487787,EBV
U2AF2,28487787,Epstein-Barr virus
U2AF2,34543356,HTLV-1
U2AF2,41886495,Herpesvirus
U2AF2,38185072,Japanese encephalitis virus
U2AF2,41886495,Kaposi's sarcoma-associated herpesvirus
U2AF2,34635782,Reovirus
U2AF2,38185072,VSV
U2AF2,34635782,Vesicular Stomatitis Virus
U2AF2,38185072,WNV
U2AF2,38185072,West Nile virus
U2AF2,38185072,ZIKV
U2AF2,38185072,Zika virus
U2AF2,39495216,adeno-associated virus
U2AF2,40433695,adeno-associated virus
U2AF2,38185072,flavivirus
U2AF2,34543356,human T-cell leukemia virus type 1
U2AF2,38185072,vesicular stomatitis virus
UNK,19431313,Bromegrass Mosaic Virus
UNK,42053322,DENV
UNK,226299,Epstein-Barr virus
UNK,30632200,Equine coronavirus
UNK,19692460,HIV
UNK,32712670,HIV
UNK,32712670,HIV protease inhibitor
UNK,19692460,HIV-1 infection
UNK,7216423,HSV-1
UNK,7216423,HSV-2
UNK,4315612,Herpes simplex virus
UNK,41057898,PRRSV
UNK,4340162,Poliovirus
UNK,5253661,Sindbis virus
UNK,19692460,X4-tropic virus
UNK,4723772,bacteriophage
UNK,4656791,bacteriophage [unk]X174
UNK,19431313,bromegrass mosaic virus
UNK,42053322,dengue virus
UNK,30632200,equine coronavirus
UNK,4357884,herpes simplex virus
UNK,7216423,herpes simplex virus
UNK,7216423,herpes simplex virus type 1
UNK,34814499,measles virus
UNK,6154937,murine leukemia viruses
UNK,4340162,poliovirus
UNK,41057898,porcine reproductive and respiratory syndrome virus
UNK,5506107,rubella virus
UNK,16453415,turnip yellow mosaic virus
XPO1,30332435,BK virus
XPO1,35766501,Coronaviruses
XPO1,34773511,Coxsackievirus B3
XPO1,36508121,DNA viruses
XPO1,30332435,EBV
XPO1,30548142,EBV
XPO1,31789821,EBV
XPO1,30332435,Epstein-Barr virus
XPO1,30548142,Epstein-Barr virus
XPO1,31789821,Epstein-Barr virus
XPO1,36508121,Geminivirus
XPO1,24965445,H1N1 influenza virus
XPO1,24965445,H1N1 virus
XPO1,24965445,H5N1 avian influenza virus
XPO1,24965445,H7N9 influenza virus
XPO1,30332435,HCMV
XPO1,34012430,HCMV
XPO1,25485706,HCV
XPO1,25485706,HCV infection
XPO1,26501108,HIV
XPO1,29321323,HIV
XPO1,30332435,HIV
XPO1,35632645,HIV
XPO1,25589658,HIV-1
XPO1,27070420,HIV-1
XPO1,29321323,HIV-1
XPO1,35632645,HIV-1
XPO1,36353954,HIV-1
XPO1,38985764,HIV-1
XPO1,40396490,HIV-1
XPO1,41394564,HIV-1
XPO1,41600866,HIV-1
XPO1,30332435,HPV
XPO1,30548142,HSV1
XPO1,35477814,HTLV-1
XPO1,40396490,HTLV-1
XPO1,30548142,Herpes simplex virus type 1
XPO1,34012430,Human Cytomegalovirus
XPO1,35632645,Human Immunodeficiency Virus
XPO1,34012430,Human cytomegalovirus
XPO1,39087696,IAV
XPO1,35766501,IBV
XPO1,35766501,IBV 5a
XPO1,35766501,IBV N
XPO1,35766501,IBV virus infection
XPO1,30332435,John Cunningham virus
XPO1,41394564,Junin virus
XPO1,41600866,Junin virus
XPO1,30332435,KSHV
XPO1,31088931,KSHV
XPO1,33414399,KSHV
XPO1,31088931,Kaposi's Sarcoma-Associated Herpesvirus
XPO1,30332435,Kaposi's sarcoma virus
XPO1,31088931,Kaposi's sarcoma-associated herpesvirus
XPO1,33414399,Kaposi's sarcoma-associated herpesvirus
XPO1,41394564,LCMV
XPO1,41600866,LCMV
XPO1,40007039,MHV
XPO1,38551144,MMV
XPO1,38551144,Maize mosaic virus
XPO1,41394564,Mammarenavirus
XPO1,41600866,Mammarenavirus
XPO1,27070420,Mason-Pfizer monkey virus
XPO1,35120268,Merkel cell polyomavirus
XPO1,37191210,Merkel cell polyomavirus
XPO1,37147328,NDV
XPO1,37147328,Newcastle disease virus
XPO1,30541831,RSV
XPO1,34584169,RSV
XPO1,30541831,RSV A and B
XPO1,30541831,RSV M
XPO1,30541831,Respiratory Syncytial Virus
XPO1,30541831,Respiratory syncytial virus
XPO1,34584169,Respiratory syncytial virus
XPO1,38240823,SARS-COV-2
XPO1,32344305,SARS-CoV
XPO1,32344305,SARS-CoV-2
XPO1,33766136,SARS-CoV-2
XPO1,34157321,SARS-CoV-2
XPO1,35751199,SARS-CoV-2
XPO1,36824761,SARS-CoV-2
XPO1,36859333,SARS-CoV-2
XPO1,38240823,SARS-CoV-2
XPO1,40007039,SARS-CoV-2
XPO1,41721027,SARS-CoV-2
XPO1,33766136,SARS-CoV2
XPO1,35058899,Turnip Mosaic Virus
XPO1,28515232,adenovirus
XPO1,28515232,adenoviruses
XPO1,30332435,adenoviruses
XPO1,32344305,betacoronavirus
XPO1,35766501,coronavirus
XPO1,36824761,coronaviruses
XPO1,34773511,coxsackievirus B3 Woodruff
XPO1,35766501,gamma-CoV IBV
XPO1,35766501,gamma-coronavirus Infectious bronchitis virus
XPO1,36508121,geminivirus infection
XPO1,25485706,hepatitis C virus
XPO1,30548142,herpes simplex virus type 1
XPO1,35477814,human T cell leukemia virus type 1
XPO1,30332435,human cytomegalovirus
XPO1,30332435,human immunodeficiency virus
XPO1,30332435,human papillomavirus
XPO1,24965445,influenza A and B viruses
XPO1,39087696,influenza A virus
XPO1,24965445,influenza a
XPO1,24965445,influenza virus
XPO1,24965445,influenza virus A
XPO1,24965445,influenza virus A and B
XPO1,41394564,lymphocytic choriomeningitis virus
XPO1,41600866,lymphocytic choriomeningitis virus
XPO1,38551144,maize mosaic virus
XPO1,40007039,mouse coronavirus
XPO1,40007039,mouse hepatitis virus
XPO1,29927350,murine minute virus
XPO1,29616892,potato yellow dwarf virus
XPO1,34327705,potyvirus
XPO1,34584169,respiratory syncytial virus
XPO1,34157321,severe acute respiratory syndrome coronavirus 2
XPO1,35751199,severe acute respiratory syndrome coronavirus 2
XPO1,40828816,tomato bushy stunt virus
XPO1,36508121,tomato yellow leaf curl China virus
XPO1,34327705,turnip mosaic virus
XPO1,35058899,turnip mosaic virus
YBX1,24965446,BVDV
YBX1,39745458,Chikungunya virus
YBX1,35189699,DENV) infections
YBX1,35189699,Dengue Virus
YBX1,34535871,HBV
YBX1,40035757,HCMV
YBX1,23986595,HCV
YBX1,38899899,HCV
YBX1,41831785,Hepatitis B Virus
YBX1,41831785,Hepatitis B virus
YBX1,34535871,Hepatitis B virus x gene-downregulated growth-arrest specific 5
YBX1,23986595,Hepatitis C virus
YBX1,38954741,Hepatitis C virus
YBX1,41779781,Hepatitis E virus
YBX1,41055985,IAV
YBX1,41055985,IAVs
YBX1,39343185,SARS-CoV-2
YBX1,39506849,SARS-CoV-2
YBX1,41779781,SARS-CoV-2
YBX1,31905741,Sindbis Virus
YBX1,18684830,Sindbis virus
YBX1,31905741,Sindbis virus
YBX1,41779781,Zika virus
YBX1,36134578,adeno-associated virus
YBX1,24965446,bovine viral diarrhea virus
YBX1,39745458,chikungunya
YBX1,39745458,chikungunya virus
YBX1,39506849,coronavirus
YBX1,35189699,dengue virus
YBX1,35189699,dengue virus (
YBX1,34535871,hepatitis B virus
YBX1,41779781,hepatitis B virus
YBX1,23986595,hepatitis C virus
YBX1,38899899,hepatitis C virus
YBX1,41779781,hepatitis C virus
YBX1,41779781,hepatitis E virus
YBX1,40035757,human cytomegalovirus
YBX1,28869005,influenza A and B viruses
YBX1,41055985,influenza A virus
YBX1,28869005,influenza B virus
YBX1,24965446,pestivirus
YBX1,24965446,pestiviruses
ZCRB1,38097166,Human adenovirus C
ZCRB1,33649539,SARS-CoV-2
ZFP36,40749834,Crimean-Congo hemorrhagic fever virus
ZFP36,40882556,EBV
ZFP36,40882556,Epstein Barr Virus
ZFP36,39194213,Foot-and-mouth disease virus
ZFP36,22428029,HBV infection
ZFP36,34985993,IBV
ZFP36,34985993,IBV infection
ZFP36,39972499,JEV
ZFP36,39972499,Japanese encephalitis virus
ZFP36,25710169,KSHV
ZFP36,25710169,Kaposi's sarcoma associated herpesvirus
ZFP36,25710169,Kaposi's sarcoma-associated herpesvirus
ZFP36,36846448,OC43 human coronavirus
ZFP36,29368634,Peste des petits ruminants virus
ZFP36,35277538,SARS-CoV-2
ZFP36,40796616,SARS-CoV-2
ZFP36,39547416,Senecavirus A
ZFP36,41559471,adeno-associated virus
ZFP36,41314455,adeno-associated virus 9
ZFP36,38725341,coxsackievirus B3
ZFP36,39972499,dengue virus
ZFP36,39972499,flavivirus
ZFP36,29997306,foot-and-mouth disease virus
ZFP36,39194213,foot-and-mouth disease virus
ZFP36,34985993,gammacoronavirus
ZFP36,36846448,human coronavirus
ZFP36,34985993,human coronavirus 229E
ZFP36,36846448,human coronavirus OC43
ZFP36,23747654,human rhinovirus
ZFP36,34985993,infectious bronchitis virus
ZFP36,39547416,influenza A virus
ZFP36,29368634,peste des petits ruminants virus
ZFP36,34985993,porcine epidemic diarrhea virus
ZFP36,23747654,respiratory syncytial virus
